prefix,continuation,direct_log_prob,MetaQuestionSimple_log_prob,MetaInstruct_log_prob,MetaQuestionComplex_log_prob
A rifle is a firearm that rests on the shoulder and has a barrel with twisting,grooves,-18.52155876159668,-18.057031631469727,-17.9935245513916,-22.274370193481445
"The piano has an enormous note range, and pedals to change the sound",quality,-10.305992126464844,-9.523478507995605,-9.737861633300781,-14.092083930969238
A tropical cyclone can move inland and seriously damage,property,-9.751904487609863,-9.767919540405273,-10.303719520568848,-16.343345642089844
Theft is the taking of person's property without their,consent,-2.5968422889709473,-2.489940643310547,-2.2825231552124023,-15.89780330657959
A butterfly is a flying insect with four large,wings,-3.605649948120117,-3.49531626701355,-3.5084404945373535,-13.385514259338379
A whale is a very large mammal that lives in the,ocean,-3.6411867141723633,-2.160539150238037,-2.439640522003174,-11.876913070678711
Bees spread pollen between flowers as they collect nectar to make,honey,-4.936355113983154,-4.766923904418945,-4.107835292816162,-10.222216606140137
Most earthquakes are caused by the release of energy in the Earth's,crust,-4.399215221405029,-4.044966697692871,-3.902350902557373,-14.75200080871582
"Whales have been hunted for meat, whale oil and",ambergris,-20.645185470581055,-20.263568878173828,-20.443681716918945,-19.417930603027344
Freshly squeezed orange juice often contains pulp as,well,-8.390045166015625,-9.6536865234375,-9.828178405761719,-11.646831512451172
"The skin of a peach is thin and covered in small, fine",hairs,-14.598173141479492,-16.028425216674805,-15.167211532592773,-15.989789009094238
"The elephant has a pair of ivory tusks, for moving objects or digging into",trees,-10.168173789978027,-8.210744857788086,-7.747220993041992,-14.739124298095703
Lentils are cooked by boiling and are a great source of,protein,-5.025927543640137,-3.9023220539093018,-4.069152355194092,-12.679240226745605
"Ravens feed on carrion, insects, berries or small",animals,-7.009196758270264,-5.773076057434082,-5.73067569732666,-11.360116004943848
Eagles live in eyries and some species eat fish and others small,mammals,-14.264939308166504,-13.718276977539062,-13.656402587890625,-18.682788848876953
"A human can ride a horse while it walks, trots or",gallops,-20.05242919921875,-18.76333999633789,-19.040998458862305,-19.831436157226562
A frying pan is a small pan with sloping sides and a,handle,-6.191830158233643,-5.18979549407959,-4.985417366027832,-14.763519287109375
"Vultures are scavenging birds, feeding mostly on the carcasses of dead",animals,-7.878300189971924,-5.777009010314941,-6.17227840423584,-11.208514213562012
"Retaining walls provide a barrier to movement of earth, stone or",water,-7.185238838195801,-6.447662353515625,-6.3289875984191895,-10.009113311767578
"Peaches are sweet and delicate, and must be harvested after",ripening,-19.732406616210938,-18.910350799560547,-18.960981369018555,-20.460895538330078
Blacksmiths wears a thick apron and handle the metal with,tongs,-15.25402545928955,-14.380941390991211,-13.80543327331543,-14.931483268737793
"People use bicycles for transportation, recreation and",racing,-10.874347686767578,-10.336860656738281,-10.03931713104248,-14.405860900878906
"Apples have thin skin, a crisp, sweet pulp and seeds",inside,-9.948033332824707,-9.919803619384766,-9.89282512664795,-15.181022644042969
Most doors have locks to control who gets to pass through,them,-5.024138927459717,-4.740030288696289,-3.3750860691070557,-13.960908889770508
The severity of the arson depends on whether people were,harmed,-17.55043601989746,-17.387210845947266,-16.98050880432129,-19.3648681640625
"Broccoli can be boiled, stir-fried or eaten",raw,-5.825942039489746,-7.161969184875488,-6.111320495605469,-14.111001014709473
The type of forest depends on temperature and rainfall in its,location,-5.275468826293945,-4.721343994140625,-4.968103408813477,-13.913223266601562
The violin is an instrument with four strings that is played with a,bow,-7.487068176269531,-7.465112209320068,-7.863753795623779,-11.950727462768555
An accordion is a portable musical instrument with two,keyboards,-17.67825698852539,-14.605354309082031,-14.675639152526855,-21.40696144104004
"A shoe is clothing for the foot, with a sole, an outsole and a",heel,-19.820331573486328,-18.25531005859375,-17.80686378479004,-19.128690719604492
Eagles are large birds of prey that hunt during the day and have very good,eyesight,-10.266016006469727,-8.362314224243164,-8.047371864318848,-13.265368461608887
"A banana when ripe can be yellow, purple or red and have small brown",spots,-7.671046257019043,-6.940247058868408,-6.704808235168457,-18.989423751831055
There are usually chairs around a table for people to,sit,-2.611833333969116,-2.3026700019836426,-2.4560225009918213,-12.819491386413574
"Fresh cod is used for fish and chips, salted cod for elaborate",dishes,-6.959923267364502,-6.357782363891602,-6.61499547958374,-13.121232032775879
"Floors may be made of bare concrete, tile, linoleum or wooden",floorboards,-11.370298385620117,-10.278799057006836,-9.704941749572754,-19.549057006835938
Tables are also used as surfaces to work or write,on,-3.8630075454711914,-3.41387939453125,-3.0822505950927734,-10.692180633544922
"A house has a roof and walls to keep out cold and rain, and windows to let light",in,-4.3233208656311035,-3.634941816329956,-3.569817304611206,-9.788283348083496
Blenders are used to make milk shakes and fruit,smoothies,-13.212846755981445,-12.613858222961426,-12.927739143371582,-19.47814178466797
A freight train transports containers of goods or fuel over long,distances,-4.656302452087402,-3.4328768253326416,-4.0052947998046875,-16.1944522857666
A ship is a large vehicle that floats and travels on,water,-6.017268180847168,-4.539422512054443,-4.572085380554199,-11.868206024169922
Coffee contains a mild drug called caffeine that keeps people,awake,-3.097872257232666,-1.3534997701644897,-1.1947592496871948,-15.44403076171875
The earthquake shaking can also trigger landslides and volcanic,activity,-4.024939060211182,-2.255237579345703,-2.5864009857177734,-14.683210372924805
"Elephants are the largest kind of land mammal, weighing several",tons,-7.133243083953857,-8.047639846801758,-8.26101303100586,-15.923737525939941
Girls often like playing with dolls and social,games,-6.267299175262451,-5.590260028839111,-5.514429569244385,-12.550423622131348
In buildings the floor often has pipes and electrical wiring under,it,-5.0200042724609375,-4.167926788330078,-3.906403064727783,-10.618623733520508
"Historically, axe heads were made of stone and then",metal,-8.823389053344727,-7.231880187988281,-6.950631141662598,-12.897342681884766
"Another type of bed is the hammock, a fabric sling suspended above the",ground,-5.741298198699951,-6.092939853668213,-6.36359167098999,-13.496427536010742
"Cod flesh is white and mild-tasting, and flakes easily when",cooked,-9.070344924926758,-7.318840980529785,-6.8420634269714355,-14.161531448364258
A desk may have drawers to store supplies and,papers,-6.068511486053467,-5.807773590087891,-6.054333686828613,-13.836847305297852
The wings of butterflies can be very colorful and,patterned,-16.304691314697266,-17.696500778198242,-17.018648147583008,-19.794939041137695
"In water beds the mattress is filled with water, and in air beds it is filled with",air,-4.209880352020264,-3.7233431339263916,-3.9470291137695312,-8.891793251037598
A clarinet is a woodwind musical,instrument,-0.12434141337871552,-0.3234439790248871,-0.16834574937820435,-12.579391479492188
"Swamps are low, spongy land subject to frequent",inundation,-14.486123085021973,-13.990288734436035,-13.870733261108398,-17.331417083740234
Lettuce is considered fairly easy to grow and a suitable crop for,beginners,-16.05608558654785,-14.932305335998535,-14.726154327392578,-18.871732711791992
"Farms usually have a house for farmers, a silo and a",barn,-5.85167121887207,-5.867198467254639,-6.21805477142334,-13.119474411010742
Scientists publish their research in journals and,conferences,-15.55677604675293,-14.992910385131836,-15.197362899780273,-19.857881546020508
Manhood is associated with masculinity and,virility,-11.296882629394531,-11.32984447479248,-10.778578758239746,-18.26115608215332
A clarinet is a long black tube with a flare at the,bottom,-5.901848793029785,-6.1179704666137695,-5.539182662963867,-15.38950252532959
"An apartment may have one or more rooms, as well as a kitchen and a",bathroom,-4.30162239074707,-3.0940723419189453,-3.6667232513427734,-11.33198070526123
People go to hospitals to be healed when they are sick or,injured,-7.4663286209106445,-8.049787521362305,-7.230843544006348,-16.008342742919922
Blenders have a glass or plastic container with a rotating blade in the,bottom,-6.585611820220947,-6.184311389923096,-6.051517486572266,-15.519697189331055
Pressing a piano key causes a felt-tipped hammer to hit a vibrating steel,string,-8.012768745422363,-8.056842803955078,-7.561086654663086,-12.668612480163574
A cod is a fish that lives in the colder areas of the,Atlantic,-6.916122913360596,-6.31835412979126,-6.4350409507751465,-16.38114356994629
Ravens have large brains and are capable of problem,solving,-0.775309681892395,-0.732300341129303,-0.6863254904747009,-14.422204971313477
Mugs can be plain or have drawings imprinted or carved on,them,-3.4797632694244385,-2.3090412616729736,-2.2756876945495605,-12.720261573791504
The mouth has teeth to chew food and mix it with,saliva,-10.08176040649414,-10.565656661987305,-10.72814655303955,-13.843255043029785
Tropical cyclone can also cause high waves and coastal,flooding,-19.498157501220703,-19.380630493164062,-19.637760162353516,-21.912168502807617
A farm is land used to grow plants or raise animals for,food,-4.003662586212158,-3.99147629737854,-4.250331878662109,-10.863058090209961
A woman is a female human,adult,-7.800220489501953,-8.576501846313477,-8.052709579467773,-15.7454833984375
An accordionist plays both keyboards while opening and closing the,bellows,-19.6538143157959,-17.659299850463867,-16.934202194213867,-18.81985855102539
"The driver steers the car on roads, other passengers just",sit,-6.9450860023498535,-6.668548583984375,-6.125247478485107,-13.791521072387695
"People use their feet when walking, running or standing",straight,-11.136713027954102,-9.76729965209961,-10.322072982788086,-14.082987785339355
A drought is a persistent shortage of the water supply caused by lack of,rain,-7.780709743499756,-5.910219669342041,-6.29626989364624,-10.843255043029785
Hammers vary in the shape of the head and handle,length,-8.806541442871094,-9.258014678955078,-8.819726943969727,-11.867979049682617
A luthier is a carpenter that makes and repairs musical,instruments,-2.061762809753418,-1.4636187553405762,-1.4668718576431274,-15.072031021118164
Murder a serious crime because it deprives the victim of their,existence,-9.333894729614258,-8.338248252868652,-8.866962432861328,-16.867708206176758
A desert is a natural environment where almost no rain,falls,-6.481998443603516,-5.54677677154541,-5.195849895477295,-16.818864822387695
A hammer is most often used to drive nails into,wood,-6.634088039398193,-6.557034492492676,-6.480569362640381,-12.489954948425293
A sweater that opens down the front is called a,cardigan,-19.330280303955078,-20.18489646911621,-20.124834060668945,-21.76681137084961
A mountain is a landform that rises steeply above surrounding,land,-5.532168865203857,-5.628866195678711,-6.174348831176758,-10.98066234588623
Most doors are opened by pushing or pulling a handle after they are,unlocked,-16.566783905029297,-16.857282638549805,-16.375629425048828,-18.4625186920166
Murder is the unlawful killing of another human being with,intent,-4.777159690856934,-4.157890796661377,-3.6338577270507812,-14.433436393737793
"Tomatos can be used to make salads, soup or ketchup, as well as",sauce,-7.6014404296875,-6.909786701202393,-7.297216892242432,-11.729704856872559
Female mosquitos bite people and animals and suck their blood for,protein,-12.542094230651855,-13.257020950317383,-14.091493606567383,-13.604161262512207
"A mug is normally ceramic, but can also be made of metal or",glass,-5.28466272354126,-4.846934795379639,-5.0580949783325195,-10.333587646484375
A violinist holds the instrument between the chin and the,collarbone,-16.21137809753418,-16.58193016052246,-15.967292785644531,-19.691083908081055
"The train is pulled by a locomotive, powered by diesel or",electricity,-7.0006818771362305,-6.459300518035889,-5.9788994789123535,-13.270675659179688
The mouth is the face cavity we put food in when we,eat,-3.9522805213928223,-4.171257972717285,-3.807008743286133,-10.065939903259277
The clarinet is used both in jazz and classical,music,-2.7652599811553955,-3.0112712383270264,-2.3693430423736572,-9.243160247802734
Screwdrivers can also be used to remove screws after they are,inserted,-6.276159763336182,-5.795683860778809,-5.801639556884766,-15.311514854431152
Some native people still use the spear for hunting and,fishing,-8.429072380065918,-6.380373477935791,-7.221677780151367,-13.014676094055176
"An automobile, or car, is a wheeled vehicle for transporting",passengers,-5.820728302001953,-3.291746139526367,-3.926107883453369,-15.532530784606934
"Cats can hunt mice or birds, but are often fed by their",owners,-5.871969699859619,-5.081716537475586,-5.086273670196533,-17.868181228637695
"Shoes are usually made of leather, canvas, rubber or",plastic,-5.8844380378723145,-5.7568535804748535,-5.814931392669678,-12.431805610656738
"The apartment building can have a garage, a laundry facility or extra storage",space,-5.732758522033691,-5.952276229858398,-5.4075751304626465,-11.885424613952637
"Cars vary in size, number of doors and the type of",trunk,-10.213653564453125,-6.119257926940918,-7.135679721832275,-15.457573890686035
The nail protects the tip of the finger and can be grown or,decorated,-9.533650398254395,-9.618349075317383,-9.985214233398438,-16.124435424804688
"The tomato is a shiny and smooth red fruit, with a savory",taste,-5.038944244384766,-4.535953521728516,-4.677247524261475,-13.863238334655762
Theft is a crime and can be punishable with jail or,fines,-22.01106071472168,-22.974205017089844,-23.065793991088867,-20.734237670898438
Drunk driving of any vehicle is a crime in most of the,world,-4.608087539672852,-4.120681285858154,-4.350136756896973,-14.109670639038086
"A horse is a large hoofed mammal with four long, muscular",legs,-3.6631040573120117,-3.0192928314208984,-3.012021541595459,-14.151785850524902
A refrigerator can have shelves and small compartments for different types of,food,-4.3382697105407715,-3.6774332523345947,-3.861586093902588,-11.925346374511719
"Rain is water that falls from clouds in the sky, which are condensed",vapor,-9.899436950683594,-9.837438583374023,-9.228411674499512,-16.039445877075195
"Scissor blades are usually metallic, with plastic or metal",handles,-7.5772294998168945,-7.161238193511963,-7.241045951843262,-16.167619705200195
A carpenter is an artist or manual laborer who works with,wood,-6.4710612297058105,-5.584603309631348,-5.993010520935059,-13.564151763916016
"Cod has been caught, salted and traded since the time of the",Vikings,-18.705699920654297,-18.212936401367188,-18.026466369628906,-17.407865524291992
Pop-up toasters toast the bread placed in a slot and eject it once,done,-6.901855945587158,-7.805849075317383,-7.274870872497559,-13.865276336669922
"Hospitals are staffed by professional physicians, surgeons, and",nurses,-21.739864349365234,-19.916229248046875,-19.65899085998535,-19.251258850097656
Sweaters are often knitted from wool but cotton is also,common,-7.813233375549316,-6.083734035491943,-6.492260932922363,-13.285041809082031
"A fork is a tool for eating solid foods, with a handle and several",tines,-16.533367156982422,-17.56118392944336,-17.10938835144043,-21.54935073852539
"Eagles have hooked beaks for tearing flesh, strong legs and sharp",talons,-16.66046905517578,-15.982355117797852,-16.07183837890625,-20.05143928527832
A car can be powered by a gasoline or electric,engine,-3.3490819931030273,-2.368997812271118,-2.43341064453125,-11.063813209533691
"A horse has a tail and a mane on its neck, and is usually gray or",brown,-6.374011993408203,-5.50956916809082,-6.047399044036865,-9.525760650634766
"A banana is a long fruit that grows in bunchs, with a soft edible",inside,-8.45228099822998,-8.71214485168457,-8.385973930358887,-14.67182445526123
Academic libraries support scholarly research and have specialized,books,-11.671293258666992,-8.733932495117188,-8.254563331604004,-11.730742454528809
A toaster is a kitchen appliance for toasting bread using heating,elements,-6.93464469909668,-6.382600784301758,-5.896236419677734,-16.633634567260742
Feet are body parts at the end of a,legs,-11.57088565826416,-8.037817001342773,-7.881948471069336,-13.0092191696167
A flood is an overflow of an expanse of water that submerges inhabited,land,-4.461672782897949,-4.303676128387451,-4.9230194091796875,-13.643895149230957
Piranhas live and attack in schools and are most active during the,day,-6.801272392272949,-6.28933048248291,-6.829137325286865,-11.53937816619873
"A frying pan is used to fry, sear and brown",food,-7.0283589363098145,-7.67368745803833,-6.906408309936523,-11.226998329162598
Orange juice is often drunk at breakfast from a,glass,-9.241212844848633,-9.822667121887207,-10.335216522216797,-13.33268928527832
The piano is a popular musical instrument played by means of a,keyboard,-5.782381534576416,-6.14237117767334,-5.70982551574707,-12.163480758666992
Some windows have multiple panes to increase insulation,inside,-9.692475318908691,-8.893023490905762,-8.578315734863281,-14.01215648651123
A man is a male human,adult,-8.467218399047852,-8.919899940490723,-8.461872100830078,-15.977558135986328
Speech sounds are controlled by tongue placement in the,mouth,-5.365236759185791,-5.334009170532227,-5.312270164489746,-12.5458345413208
"Toaster ovens have a door on the side, a tray within and temperature",control,-4.771178245544434,-3.044680595397949,-3.324122905731201,-13.81873607635498
A hand grenade is an explosive used as a weapon against,people,-7.387872695922852,-6.44557523727417,-6.426899433135986,-14.978363990783691
A scientist studies and produces new knowledge about the physical,world,-5.681602954864502,-5.492315292358398,-4.662246227264404,-12.567136764526367
The elephant flaps its large ears to cool the blood in them and its,body,-8.311448097229004,-7.9975266456604,-7.969797134399414,-12.441434860229492
"A house can have rooms for purposes like sleeping, cooking or",washing,-7.873385906219482,-7.945908546447754,-7.708155632019043,-15.91690731048584
Lentils are the seeds of a plant of the legume,family,-4.225998878479004,-2.215386390686035,-1.8121588230133057,-15.320365905761719
"Vultures seldom attack healthy animals, but may kill the wounded or",sick,-11.26230525970459,-7.649960517883301,-8.187347412109375,-12.29525089263916
A mitten is a kind of glove where the four fingers are covered,together,-9.502317428588867,-8.430989265441895,-9.025528907775879,-14.862431526184082
"Walls are usually made of stone, brick, or cement, as well as",drywall,-13.238262176513672,-12.46624755859375,-12.656723976135254,-12.979736328125
A bicycle is a vehicle with two wheels and pedals on a,frame,-4.60313081741333,-3.7657973766326904,-3.662186622619629,-14.087270736694336
Water freezes at a low temperature and becomes solid,ice,-7.636560440063477,-7.159930229187012,-8.470246315002441,-10.420398712158203
"A man differs from a woman in height, weight, and body",structure,-7.225456714630127,-6.395694732666016,-6.202026844024658,-16.34982681274414
Violin is the smallest and highest pitched instrument in its,family,-6.515563488006592,-3.7031924724578857,-3.952143907546997,-13.782803535461426
"Salmon can be eaten raw in sushi or cooked by grilling, poaching or in other",ways,-4.264515399932861,-4.308103084564209,-3.8090460300445557,-15.604738235473633
Some people collect butterflies because of their colorful,wings,-9.070261001586914,-5.656418800354004,-4.996038913726807,-15.031168937683105
The bald eagle has a bright white head and is the national bird of the United,States,-2.7024872303009033,-2.6209747791290283,-2.5281982421875,-12.691707611083984
Frying pans are made of iron or teflon-clad,steel,-8.470385551452637,-8.926127433776855,-9.106751441955566,-14.546341896057129
"Some apartments are for single people, others for",families,-10.235373497009277,-8.038924217224121,-8.445804595947266,-16.095462799072266
Many vultures have a bald head without feathers for losing,heat,-9.285898208618164,-9.656648635864258,-10.163542747497559,-16.044157028198242
Televisions are mostly used for watching programs or,films,-7.2046661376953125,-6.51174783706665,-6.344900608062744,-11.515798568725586
Some very tart apples are used to make,cider,-10.713722229003906,-10.603560447692871,-10.738390922546387,-16.297204971313477
A house is a permanent building or structure for people or families to live,in,-3.3593862056732178,-3.0392282009124756,-2.7258646488189697,-9.54826831817627
Drunk drivers are caught by field sobriety and breathing,tests,-8.857852935791016,-8.632354736328125,-7.631128787994385,-16.152698516845703
"Coffee is a popular drink in many countries, and usually served",hot,-7.51209020614624,-4.867318630218506,-4.3727006912231445,-13.170960426330566
Lentils are commonly used in Indian and Mediterranean,cuisines,-17.50305938720703,-16.362295150756836,-16.804269790649414,-15.263934135437012
Salmon is a fish that migrates from fresh water to the ocean and back to,spawn,-10.559952735900879,-10.799764633178711,-11.36194896697998,-15.029985427856445
Lettuce is a biennial plant often grown in temperate climates as a leaf,vegetable,-5.137982368469238,-4.033441066741943,-3.984313488006592,-12.510890007019043
Industrial espionage is theft of ideas and intellectual,property,-6.4701690673828125,-5.612843990325928,-5.975710868835449,-15.218401908874512
At puberty the body of a girl develops into that of a,woman,-4.895497798919678,-5.128353118896484,-5.05198860168457,-11.148316383361816
Ships are used to fish in the ocean and to transport cargo,containers,-12.130816459655762,-12.228835105895996,-12.162857055664062,-16.40928077697754
"A desk has a flat surface and can be made of wood, plastic or",metal,-4.432587623596191,-4.376774787902832,-4.585947036743164,-10.895151138305664
"Physics, chemistry and biology are classic examples of",sciences,-17.08757972717285,-18.23715591430664,-16.603729248046875,-23.329008102416992
Deforestation is the cutting down of forests disregarding,regeneration,-16.73344612121582,-15.470597267150879,-15.126503944396973,-18.333009719848633
The small sharp points along the cutting side of the saw are called the,teeth,-10.593974113464355,-10.553314208984375,-9.613835334777832,-13.06579303741455
A door is a movable barrier to entrance or exit from an enclosed,area,-4.066336631774902,-2.888307571411133,-2.9529080390930176,-13.342409133911133
"Chairs consist of a seat raised above floor level, supported by",legs,-9.182794570922852,-7.230572700500488,-7.296362400054932,-13.580154418945312
Insects have compound eyes made up of eye units facing in many,directions,-3.3580162525177,-2.175321102142334,-2.176954507827759,-15.572437286376953
A dress is a piece of clothing that women sometimes,wear,-2.5690178871154785,-2.4909110069274902,-2.3444058895111084,-12.294266700744629
Many cultures have rules for behavior related to,feet,-11.827631950378418,-14.412960052490234,-14.418963432312012,-15.425859451293945
The two major types of screwdriver are Phillips and,flathead,-11.624268531799316,-10.631258964538574,-10.678750991821289,-17.72469711303711
"A dress is like a shirt attached to a long, matching",skirt,-5.476866722106934,-4.82963228225708,-4.997038841247559,-13.29886245727539
A scientist creates hypotheses and does experiments to test,them,-4.811389923095703,-3.718977928161621,-4.2890729904174805,-14.076417922973633
A chair is a piece of furniture designed for people to sit,on,-3.733534812927246,-2.3647303581237793,-2.2852015495300293,-10.785619735717773
Axes are used by woodcutters and firemen entering,buildings,-7.099776744842529,-6.5529937744140625,-6.684561252593994,-15.463661193847656
A bicycle is propelled by the pedalling of a cyclist on the,saddle,-11.19893741607666,-9.63178539276123,-9.283084869384766,-16.395723342895508
A forest is an area with a high density of trees and canopy,cover,-7.025177001953125,-10.879172325134277,-9.52901554107666,-14.921083450317383
The fovea is the center of the human eye and the most sensitive part of,it,-7.8055291175842285,-6.795819282531738,-7.579113960266113,-9.79810905456543
The claws of cats are retractable so that they keep,sharp,-10.255642890930176,-11.280116081237793,-11.294790267944336,-13.772822380065918
A woman can become pregnant and bear,children,-7.910952568054199,-5.6514892578125,-6.158144950866699,-14.637514114379883
People can go to public libraries and borrow books to take home for several,weeks,-5.357935428619385,-4.014801025390625,-4.867324352264404,-15.539259910583496
Some refrigerators can have a small compartment at freezing,temperature,-5.761436939239502,-5.587611675262451,-5.044608116149902,-13.147174835205078
A soldier is a member of the national armed forces who fights on,land,-8.503010749816895,-7.57305908203125,-8.277656555175781,-14.036561012268066
"When open, a window will also let air and sound",through,-6.67020320892334,-4.080069541931152,-4.2949934005737305,-13.811986923217773
Farmers are the people who run the farm and decide what to,produce,-4.603414535522461,-4.597347736358643,-4.994388103485107,-13.58420467376709
"A forest ecosystem has various types of trees and animals, as well as ground",plants,-5.977181434631348,-4.064099311828613,-3.9426581859588623,-12.35744571685791
A range of mountains forms due to tectonic plate,collision,-7.8151750564575195,-8.198881149291992,-8.201703071594238,-16.653011322021484
Some animals and plants have adapted to live in,deserts,-14.142420768737793,-14.08757495880127,-13.987363815307617,-19.527738571166992
"Sweaters differ in cut, collar and sleeve shape, as well as",decoration,-11.741859436035156,-10.242575645446777,-10.570842742919922,-16.04006576538086
"Lentils can be red, green, brown, black or",yellow,-5.3646063804626465,-5.440486431121826,-5.255866050720215,-9.01468563079834
A table is a piece of furniture with a flat surface and,legs,-11.324100494384766,-8.74919605255127,-8.406221389770508,-15.377062797546387
"Mosquito bites can spread yellow fever, malaria and other parasite",diseases,-4.029353141784668,-3.1199288368225098,-3.068582534790039,-15.872726440429688
A peach is an orange-yellow fruit with a characteristic,smell,-11.068708419799805,-10.157512664794922,-10.21406078338623,-15.496443748474121
The screwdriver tip applies the torque from rotating the,handle,-8.533262252807617,-6.533644676208496,-6.827883243560791,-15.446907043457031
Most people leave the house to work and come back at night to eat and,sleep,-3.966468095779419,-4.98208475112915,-4.508208751678467,-11.425816535949707
Vultures use their large wings to soar for miles without,flapping,-17.82486343383789,-15.465386390686035,-14.82498836517334,-21.115604400634766
Assault rifles can fire in bursts and are the standard infantry,weapon,-4.017637252807617,-2.6204729080200195,-2.757913589477539,-10.738168716430664
A soldier fights using weapons such as rifles and,grenades,-19.94365882873535,-20.578567504882812,-20.419971466064453,-21.990388870239258
Spiders are insects with eight legs that make,silk,-14.933127403259277,-14.560616493225098,-14.353575706481934,-16.71678924560547
"Fingers are used for grasping, writing, grooming and other",activities,-4.959794998168945,-4.821860313415527,-4.889487266540527,-15.089621543884277
The bicycle wheels have rubber tires with an inner tube full of,air,-10.015754699707031,-9.617834091186523,-9.630680084228516,-14.43153190612793
"Apples can be eaten raw, roasted or baked in",pies,-18.33793830871582,-18.255651473999023,-18.3564510345459,-18.3494930267334
Raspberries are eaten by themselves or cooked with sugar into,jam,-9.077960014343262,-8.574116706848145,-8.251005172729492,-13.224127769470215
Igloos are built in places where snow covers the land most of the,time,-4.024874210357666,-3.0514039993286133,-3.2581043243408203,-12.234390258789062
A boy becomes a man after passing through,puberty,-12.83542537689209,-11.799989700317383,-11.867302894592285,-17.739294052124023
Earthquakes shake the ground and can knock down buildings and other,structures,-4.5646071434021,-3.1273295879364014,-3.2542953491210938,-15.919990539550781
For some operations or treatments patients have to stay at the hospital for several,weeks,-4.810608863830566,-3.5677549839019775,-4.160802841186523,-15.917557716369629
"Walls delineate a building, support the roof, and divide the space into",rooms,-8.344592094421387,-7.365200042724609,-7.265148639678955,-11.750795364379883
"Peaches have a large, red-brown stone inside which contains the",seed,-10.84395980834961,-9.164530754089355,-8.61474895477295,-13.86478328704834
"An elephant has a long nose called a trunk, which can grab things or",food,-12.696791648864746,-10.5147123336792,-10.32889175415039,-11.902099609375
Cyclones can produce very powerful winds and torrential,rain,-9.398346900939941,-6.055371284484863,-6.309749126434326,-11.526183128356934
"Plants, animals and people must drink water in order to",live,-5.022333145141602,-4.539238929748535,-3.89540433883667,-12.867398262023926
"Salmon is the most common farmed fish, though it can also be caught in the",wild,-4.5885114669799805,-4.507164478302002,-4.510038375854492,-12.4681978225708
Commuter trains transport people between suburbs and stations inside a,city,-6.314478874206543,-5.661577224731445,-5.779963493347168,-11.291487693786621
A hammer is a tool used to deliver an impact to an,object,-4.1645684242248535,-3.672823667526245,-3.0506696701049805,-11.786236763000488
"Orange juice has a sweet, acid taste and contains a lot of vitamin",C,-3.085986375808716,-2.5729308128356934,-2.7803688049316406,-7.773636817932129
"A floor is a horizontal surface inside a building, used for walking",on,-6.09739875793457,-4.890119552612305,-4.923692226409912,-10.714439392089844
The food is cooked on oil covering the bottom of the frying,pan,-3.020902633666992,-2.8177483081817627,-2.653001070022583,-12.473684310913086
"Most lettuce leaves taste bitter, but some are bred to remove the",bitterness,-19.29100227355957,-19.59906005859375,-19.67120361328125,-18.814298629760742
"Lettuce can be eaten cold and raw, in salads and other dishes, or",cooked,-8.2037353515625,-6.5556440353393555,-6.689123630523682,-11.603792190551758
A window is a transparent opening in a wall to let light,through,-5.089681148529053,-4.635349750518799,-4.651538372039795,-13.858830451965332
Accordions produce sound with bellows that blow air through,reeds,-16.92721176147461,-15.51287841796875,-15.338339805603027,-19.41426658630371
A log cabin is a small house built from round,logs,-6.847885608673096,-5.773656845092773,-5.670794486999512,-11.78261661529541
An earthquake at sea can displace the seabed and cause a,tsunami,-19.627206802368164,-18.619760513305664,-19.18147087097168,-20.044343948364258
Spiders use venomous fangs to paralyse their stuck,prey,-7.198504447937012,-6.724791526794434,-6.828494548797607,-16.366039276123047
Mountaineers are people who climb or hike up,mountains,-4.915781021118164,-3.724177837371826,-3.7951998710632324,-9.353096961975098
"The greatest producers are tropical countries, such as India or",Ecuador,-22.488142013549805,-21.627182006835938,-21.390302658081055,-19.469654083251953
The eye is an organ for sensing light and coding it for the visual,cortex,-22.57819938659668,-21.34695816040039,-21.917634963989258,-18.706745147705078
"Most sharks predate on fish and mammals, with powerful",jaws,-22.71251678466797,-21.591650009155273,-21.635974884033203,-21.594459533691406
"Piranhas eat fish, insects, lizards, mammals and",carrion,-20.072912216186523,-18.97183609008789,-18.962656021118164,-17.76769256591797
Women's shoes often have high heels and come in many styles and,colors,-5.455912113189697,-3.4240267276763916,-3.463442802429199,-15.721434593200684
Whales breathe through blowholes on their heads when,surfacing,-16.651636123657227,-16.127552032470703,-16.22188949584961,-21.018091201782227
A cooperative is a farm where many farmers share the land and,equipment,-10.506258010864258,-9.58304500579834,-10.59260368347168,-17.954172134399414
The clarinet player chooses notes by pressing keys and,holes,-12.11155891418457,-11.071537017822266,-10.848271369934082,-15.830321311950684
A sweater is a heavy garment worn on the torso for,warmth,-10.066434860229492,-8.428180694580078,-8.94301986694336,-18.414440155029297
"A bed is made of a mattress and a box spring, plus sheets, pillows and",covers,-7.199461936950684,-7.372759819030762,-7.315544128417969,-14.707752227783203
Coffee is the world's seventh-largest legal agricultural,export,-7.400214672088623,-6.793845176696777,-6.6733808517456055,-14.22579574584961
"A swamp is covered with shallow water, mud and",vegetation,-16.962316513061523,-16.56618309020996,-16.381864547729492,-17.975425720214844
Large numbers of people have to migrate away from dust bowls during,droughts,-17.568918228149414,-17.617464065551758,-17.605966567993164,-19.570096969604492
"Killing in self-defense, accidentally or in war is not considered",murder,-10.550568580627441,-9.990348815917969,-9.679420471191406,-12.716719627380371
Thieves steal to own something or to sell it to,receivers,-22.503345489501953,-18.79840850830078,-19.133174896240234,-23.428373336791992
"Flood can be caused by heavy rain or rapid snow melt, as well as earthquakes at",sea,-12.767858505249023,-12.076086044311523,-12.216266632080078,-11.475292205810547
An igloo is a type of shelter made from blocks of snow by,Inuit,-12.760430335998535,-12.728658676147461,-13.382793426513672,-13.574873924255371
"Saws can be worked by hand, or powered by an electric motor or gas",engine,-6.883393287658691,-5.935234546661377,-5.463714122772217,-11.400888442993164
A blender is a kitchen appliance used to mix ingredients or puree,food,-6.2053070068359375,-6.970887184143066,-6.9716796875,-11.81655502319336
A tropical cyclone is a storm formed over warm tropical,sea,-8.387567520141602,-7.556246757507324,-7.442541122436523,-12.430434226989746
Cats like to groom themselves by licking their,fur,-6.40395975112915,-4.836207389831543,-3.7937307357788086,-15.065670013427734
Scissors are a two-bladed instrument used for,cutting,-6.429158687591553,-4.9935808181762695,-4.6112260818481445,-13.836233139038086
Hot deserts are usually filled with sand dunes or,rocks,-10.923937797546387,-11.10086441040039,-10.924237251281738,-14.028885841369629
Parrots can imitate the human voice if they hear it,repeatedly,-11.14697551727295,-11.035726547241211,-10.687240600585938,-16.080265045166016
"Igloos are often built in the shape of a dome, with an entrance",tunnel,-13.18326473236084,-12.191889762878418,-11.935214042663574,-14.597203254699707
"Chairs can also have back and arm rests, as well as a",cushion,-19.190481185913086,-20.2137393951416,-19.542285919189453,-18.85356330871582
Girls sometimes grow long hair and wear dresses and,skirts,-12.563545227050781,-11.70844554901123,-12.425870895385742,-18.666545867919922
Arson is the criminal act of burning a building or,wildland,-13.477736473083496,-12.794415473937988,-12.884750366210938,-16.682722091674805
Many bees have stingers and can attack if they feel,threatened,-8.285019874572754,-7.62606954574585,-7.578877925872803,-18.136409759521484
A bed is a piece of furniture used as a place to sleep or have sex,in,-5.049888610839844,-4.835701942443848,-4.5067338943481445,-9.812296867370605
Grenades can also be fired from rifles or shoulder,launchers,-18.901823043823242,-17.78470230102539,-17.848920822143555,-18.964834213256836
"People also use their feet to kick, in both fighting and",sports,-9.376946449279785,-7.049788475036621,-7.463796138763428,-13.358658790588379
"A soldier in the militia must wear a uniform, usually",camouflage,-16.75263214111328,-16.367067337036133,-16.864791870117188,-18.042129516601562
Shears are large scissors used for cutting shrubs or pieces of,metal,-9.332067489624023,-7.2760539054870605,-7.476373195648193,-13.177457809448242
Forks are used to lift food to the mouth or to hold food in place while,cutting,-8.917004585266113,-8.26980972290039,-8.258456230163574,-14.750944137573242
A mug is a sturdy cup with a handle for drinking hot,liquids,-24.031557083129883,-24.975740432739258,-24.415437698364258,-20.78714370727539
Mountains rise higher than hills and sometimes have snow at the,top,-6.605288505554199,-5.9891581535339355,-5.809823513031006,-12.716931343078613
Other types of doors can slide or consist of a revolving,chamber,-9.815423011779785,-9.38260269165039,-8.986635208129883,-14.137801170349121
An adult male behaving immaturely is often referred to as a,boy,-10.403813362121582,-9.796154022216797,-9.867388725280762,-9.068236351013184
A parrot is a bird that lives in warm and tropical,regions,-4.073348045349121,-2.8960952758789062,-2.677347421646118,-19.119625091552734
"Depending on the size and format, scissors can cut paper, hair or",fabric,-9.305584907531738,-8.98524284362793,-9.061229705810547,-13.55467414855957
A shark is a large fish with a cartilage,skeleton,-13.091896057128906,-13.096576690673828,-12.938023567199707,-20.225894927978516
"Some patients go to hospitals for specialist diagnosis or therapy, leaving the same",day,-8.750445365905762,-8.037373542785645,-7.575389385223389,-13.94895076751709
A blacksmith hammers and bends hot iron on an anvil to change its,shape,-4.1638054847717285,-3.5035085678100586,-3.3594982624053955,-12.842641830444336
"A ship can be powered in the ocean by sails, steam, or diesel",engines,-2.8270297050476074,-2.9675445556640625,-2.3904943466186523,-12.777059555053711
Log cabins were used as first shelters by european,settlers,-15.128586769104004,-14.461686134338379,-14.56779670715332,-20.282426834106445
Piranhas have very sharp teeth and are opportunistic,carnivores,-19.094623565673828,-18.007503509521484,-16.370996475219727,-18.72281265258789
Swamps are nesting and breeding grounds for birds and,reptiles,-18.891557693481445,-19.33878517150879,-18.63055419921875,-20.152999877929688
An apartment is a self-contained home that is part of a,building,-5.338817596435547,-3.5698323249816895,-3.5317957401275635,-11.785927772521973
The raspberry is a fruit that grows in forest clearings or,fields,-6.176690578460693,-7.716917991638184,-7.959793567657471,-16.053760528564453
A wall is a solid structure that defines and sometimes protects an,area,-4.162662029266357,-3.312304735183716,-3.321141242980957,-13.100147247314453
Drunk driving is the act of driving under the effects of,alcohol,-5.510441780090332,-3.4100289344787598,-3.656792640686035,-12.579087257385254
The mouth is also used for kissing and,talking,-7.022199630737305,-6.749987602233887,-6.862962245941162,-11.570992469787598
Toaster ovens allow bread to be cooked with toppings like garlic or,cheese,-6.8032546043396,-5.488624572753906,-5.7393975257873535,-9.871736526489258
Newborn animals must be fed milk before they can eat solid,food,-6.3149895668029785,-4.837810516357422,-4.9628825187683105,-9.93405818939209
Tear gas grenades are thrown into the middle of a mob to disperse,it,-7.6871232986450195,-5.94158411026001,-5.92661190032959,-10.51754093170166
"A dress is usually worn at formal occasions, such as a wedding or a",dance,-8.998441696166992,-7.787803649902344,-8.380647659301758,-11.344698905944824
Liquid produced from soybeans and coconuts is sometimes called,milk,-11.125274658203125,-11.620511054992676,-10.68705940246582,-10.070762634277344
"Carpenters build and repair houses, furniture, boats and other",objects,-6.83156681060791,-6.196934223175049,-5.964962959289551,-14.12152099609375
Blenders are also used to make cold alcoholic drinks with crushed,ice,-5.064782619476318,-5.056399345397949,-5.472602844238281,-11.051167488098145
"A bee is a flying insect, with a black and yellow body and six",legs,-6.292285442352295,-4.8324995040893555,-5.158055782318115,-15.280811309814453
A refrigerator is generally white and people often put magnets on its,surface,-6.146374702453613,-5.353035926818848,-5.867938995361328,-13.924850463867188
"A library is a place where a collection of books, documents and media is",kept,-5.383546352386475,-5.178534030914307,-5.81824254989624,-16.704164505004883
A tomato softens and changes color from green to red as it gets more,ripe,-18.812759399414062,-18.621614456176758,-18.220001220703125,-18.154796600341797
Unripe bananas and plantains are staple foods and often cooked like,potatoes,-7.234302043914795,-6.781016826629639,-6.759181976318359,-13.049734115600586
Cruise ships are floating hotels that take people between,cities,-12.158531188964844,-11.285262107849121,-12.09033489227295,-13.262584686279297
A mug is thick and has a ring base for thermal,insulation,-14.46384334564209,-14.142061233520508,-13.957357406616211,-19.718481063842773
A raven is a large black bird that thrives in many,climates,-15.36097526550293,-14.870635986328125,-14.563386917114258,-18.4013614654541
A screwdriver is a tool for inserting and tightening screws into,something,-8.159823417663574,-6.3851213455200195,-6.320489406585693,-11.369215965270996
Disposable rubber or latex gloves are used to shield hands from germs or,chemicals,-9.404004096984863,-7.476893424987793,-7.958700656890869,-14.345985412597656
"People set cutlery, plates and food on a table to eat a meal",together,-10.1737642288208,-8.49372673034668,-8.189109802246094,-15.788276672363281
"People often put carpets on a floor, for comfort and to dampen",noise,-7.215340614318848,-5.689680099487305,-6.272199630737305,-14.42015552520752
"Carpenters use tools such as hammers, saws, pliers and",planes,-12.980260848999023,-12.889561653137207,-13.080504417419434,-14.851078987121582
During a flood people evacuate and the contaminated water causes,diseases,-7.060551166534424,-9.200116157531738,-9.412403106689453,-17.221942901611328
Primates usually have four fingers and a thumb on each,hand,-3.6498212814331055,-3.325895071029663,-3.1310441493988037,-11.876319885253906
"An apple is a fruit that can be green, red or",yellow,-4.315947532653809,-2.471332550048828,-2.2748074531555176,-9.75723934173584
Cats are small furry animals with four legs and a,tail,-5.142371654510498,-4.20109748840332,-3.927780866622925,-14.242331504821777
Arson can be done to cause damage to others or collect,insurance,-10.462159156799316,-8.966055870056152,-9.333291053771973,-15.20626163482666
A girl is a female human who has not yet reached,maturity,-12.010848999023438,-10.151962280273438,-10.733736991882324,-22.555706024169922
A blacksmith creates objects by forging iron or,steel,-5.737161159515381,-5.35551643371582,-5.309814453125,-12.353983879089355
Passengers or cargo enter trains from a train station platform next to the,line,-7.523197174072266,-7.268884658813477,-7.1461992263793945,-12.35378360748291
Spears were used for stabbing or throwing when fighting in,war,-9.00002384185791,-5.705767631530762,-5.4267473220825195,-10.748982429504395
"Mosquitos are thin, small flying insects that emit a high-pitched",sound,-6.527529239654541,-5.651477336883545,-5.1642913818359375,-13.25268268585205
"Saws are used extensively in forestry, construction, carpentry and",medicine,-12.53145980834961,-10.444114685058594,-10.784607887268066,-12.945767402648926
Television content can be broadcast or received via cable or,internet,-6.0460944175720215,-5.275012016296387,-5.006634712219238,-14.217592239379883
Orange juice is a drink made from the liquid in orange,pulp,-18.556903839111328,-17.395687103271484,-17.105022430419922,-16.71693229675293
Log cabins were built using logs with notch joints at the,ends,-7.94225549697876,-5.852293014526367,-5.93856143951416,-12.814972877502441
Milk is a white liquid produced by female mammals to feed their,young,-4.0293989181518555,-3.171452283859253,-3.6415860652923584,-15.405271530151367
Sharks have very keen senses and can detect electrical,fields,-10.194280624389648,-9.415446281433105,-9.130928993225098,-16.158592224121094
Train stations have counters or machines for purchasing,tickets,-4.533824920654297,-4.488886833190918,-4.543506622314453,-10.629188537597656
The piano repertoire is large and famous pianists can give solo,concerts,-7.346494197845459,-5.753634452819824,-5.9826555252075195,-15.28376293182373
The blubber in a whale serves as an energy reservoir and as,insulation,-14.298890113830566,-14.404415130615234,-13.83564567565918,-17.756017684936523
There are waiting rooms and places to eat in a train,station,-3.0902915000915527,-2.047358989715576,-2.2706246376037598,-13.357169151306152
A sneaker is a shoe for sports and athletic,activity,-4.589205741882324,-4.242753028869629,-4.562707424163818,-13.27727222442627
The grooves make the bullets spin around the rifle axis as they fly through the,air,-6.38796329498291,-6.248106479644775,-6.477426052093506,-13.065216064453125
Librarians work at libraries and are experts at finding and organizing,information,-5.129891395568848,-2.888272523880005,-3.0697293281555176,-14.384647369384766
Gloves to protect against cold are made of wool or lined waterproof,material,-6.168149948120117,-5.527166843414307,-5.1300458908081055,-13.890209197998047
"Blacksmiths make objects like weapons, horse shoes or iron",furniture,-13.367396354675293,-11.907925605773926,-11.392838478088379,-16.902742385864258
Mosquitos have mouthparts for piercing the skin of plants and,animals,-6.891607284545898,-4.7425689697265625,-4.161561965942383,-12.186254501342773
Knives have also been used as weapons and instruments in,rituals,-17.764564514160156,-16.75972557067871,-17.27253532409668,-18.050783157348633
Spears were the most common personal weapon before the advent of,firearms,-12.97891616821289,-13.02155876159668,-11.891274452209473,-18.09477424621582
Leaves of the raspberry are used fresh or dried in herbal,teas,-16.73555564880371,-17.65369987487793,-17.377445220947266,-17.359302520751953
Drought will cause crops and plants to stop growing and,die,-6.7821149826049805,-8.042659759521484,-8.525390625,-13.846035957336426
"Broccoli has a green flower head and a thick, tough",stalk,-14.373271942138672,-13.631180763244629,-13.654912948608398,-18.614364624023438
"One accordion keyboard is used for individual notes, the other for",chords,-14.024080276489258,-14.002362251281738,-14.258896827697754,-16.549880981445312
The term boy is used to indicate sex distinctions relative to,girls,-7.272941589355469,-5.747796058654785,-5.695642948150635,-11.646209716796875
"Coffee is made from coffee beans, the seeds of the coffee",plant,-7.440201759338379,-4.286057472229004,-4.707802772521973,-12.347625732421875
Log cabin is a symbol of American frontier life and humble,origins,-21.050806045532227,-19.93854331970215,-19.855953216552734,-18.93638038635254
Bees are social insects and live together in a colony located in a,hive,-20.968032836914062,-19.92066192626953,-19.66558074951172,-16.530399322509766
In folklore ravens are birds of ill-omen and also,tricksters,-10.949780464172363,-10.52371883392334,-10.517342567443848,-21.562711715698242
A cubicle consists of a desk surrounded by partitions on three,sides,-4.9172492027282715,-3.9788637161254883,-4.074582576751709,-14.339944839477539
Broccoli is a plant in the cabbage,family,-0.8398048877716064,-1.3678081035614014,-1.4741156101226807,-14.987568855285645
A refrigerator is a cooling device used to contain and preserve,food,-4.855240345001221,-5.16605281829834,-4.969206809997559,-10.220020294189453
"Parrots have brightly-colored feathers and a sharp, curved",beak,-15.861921310424805,-18.2763614654541,-18.764480590820312,-20.558435440063477
A fire investigation determines if a fire was caused by accident or,arson,-20.802257537841797,-19.49530029296875,-19.947877883911133,-20.949626922607422
Spiders can be as small as a coin or as big as a,bird,-12.222692489624023,-10.85851001739502,-11.81521987915039,-12.850956916809082
"A desk is a piece of furniture used for working at, sometimes with a",computer,-5.007711887359619,-3.788634777069092,-4.197680950164795,-12.499518394470215
Salmon flesh is orange or red and has high protein content and a nice,taste,-8.847949981689453,-7.029204368591309,-7.162891387939453,-14.220155715942383
The claw on the head of the hammer can be used to remove,nails,-14.979071617126465,-12.561715126037598,-13.034992218017578,-15.792983055114746
A television is an appliance with a screen that displays moving,images,-4.002728462219238,-2.9653995037078857,-3.2532742023468018,-15.283008575439453
A typical window is made of sheets of glass held in place by,frames,-10.078035354614258,-9.988783836364746,-9.274240493774414,-14.628617286682129
In a flood a river will flow out of its channel or break dams and,levees,-16.83956527709961,-16.81903648376465,-16.60053253173828,-19.07378578186035
"In a volunteer army, a soldier is paid for his or her",work,-5.153191566467285,-5.006448268890381,-5.410567283630371,-12.18878173828125
"Water is the most common liquid on Earth, covering 70% of its",area,-10.235596656799316,-10.554813385009766,-10.189653396606445,-13.179987907409668
Farmers often drain swamps to produce fertile arable,land,-5.097752571105957,-4.973977565765381,-5.023524761199951,-13.101515769958496
The appearance and abilities of parrots makes them popular,pets,-6.758301734924316,-7.208637237548828,-7.065213203430176,-13.541707038879395
"Broccoli is high in vitamins, fiber and other",nutrients,-9.351432800292969,-9.775471687316895,-8.944849967956543,-20.82273292541504
Traditionally boys like to play rough games and fight with each,other,-3.939971923828125,-2.336124897003174,-2.364780902862549,-13.10196590423584
"Horses have been used for draft work, travel and",entertainment,-8.151531219482422,-7.452773094177246,-7.612665176391602,-16.840669631958008
"Modern knives consist of a handle and a blade, usually made of",metal,-6.984947204589844,-6.700996398925781,-6.878603935241699,-12.838661193847656
A woman is stereotypically seen as a,caregiver,-22.635417938232422,-21.67096710205078,-21.086091995239258,-18.617740631103516
"Air pockets in snow insulate the igloo space, and body heat warms",it,-6.2442426681518555,-5.602848052978516,-5.752291202545166,-10.373495101928711
Hand grenades are thrown and timed to explode a bit after,that,-9.785445213317871,-9.033202171325684,-9.946255683898926,-9.682123184204102
Metamorphosis is the transformation of a caterpillar into a,butterfly,-14.090620994567871,-13.329436302185059,-13.284295082092285,-19.005054473876953
A boy is a young male child who has not undergone,puberty,-12.379794120788574,-11.214308738708496,-11.276853561401367,-17.49175262451172
A train is a connected series of cars that moves between stations on a,track,-6.776616096496582,-6.002925872802734,-6.471067428588867,-12.327014923095703
A convicted murderer is often given a life sentence or the death,penalty,-8.318193435668945,-7.35326623916626,-8.24250316619873,-13.962263107299805
"Piranhas are small, ferocious fish that live in South American",rivers,-7.75083065032959,-6.139425754547119,-6.238455772399902,-16.041460037231445
The axe usually consists of a head attached to a,handle,-7.198679447174072,-4.723447322845459,-4.75425910949707,-14.316502571105957
Spiders build webs with silk and use them to catch,insects,-17.908592224121094,-16.44076156616211,-15.76472282409668,-14.75960922241211
A glove is a piece of clothing that covers the hand and,fingers,-8.385577201843262,-7.159351348876953,-7.248467445373535,-14.35195255279541
A saw is a tool that uses a hard blade or abrasive wire to cut hard,materials,-4.464052677154541,-3.649955987930298,-3.7579097747802734,-16.084495544433594
"A knife can be used to attack by slashing, stabbing or",throwing,-5.687222957611084,-6.193415641784668,-6.555750846862793,-14.158236503601074
"Sharks have streamlined bodies, with a large dorsal",fin,-7.758761882781982,-8.246106147766113,-8.260746955871582,-13.893352508544922
"There are many varieties of tomato, with different sizes and",tastes,-5.890513896942139,-5.51146936416626,-6.128893852233887,-14.295616149902344
A single raspberry consists of many small fruits joined,together,-2.418614149093628,-2.108677387237549,-1.9698796272277832,-13.912429809570312
Spears are weapons that consist of a pole and sharpened head at one,end,-3.16485333442688,-1.1064918041229248,-1.6595358848571777,-10.33248233795166
"Forks are usually  made of metal, or plastic, if",disposable,-12.274452209472656,-11.463373184204102,-10.875082969665527,-14.587020874023438
"The finger tips are sensitive to temperature, pressure and",vibration,-14.368460655212402,-15.515854835510254,-15.09484577178955,-19.453697204589844
"Forks are used in Western cultures, and there are special kinds for various",foods,-8.27739429473877,-8.152463912963867,-8.81464672088623,-13.803906440734863
Different notes are made by fingering the violin neck with one hand while,bowing,-13.665468215942383,-12.760801315307617,-13.394618034362793,-14.961080551147461
It can be hard to climb stairs or ride a bike in a,dress,-14.398662567138672,-13.313334465026855,-13.63428020477295,-15.627307891845703
The biggest hot desert is the Sahara in northern,Africa,-1.7417471408843994,-2.387702465057373,-2.1935367584228516,-11.08618450164795
Televisions are used to play videogames when connected to a game,console,-5.466965198516846,-4.255505561828613,-4.136161804199219,-13.272065162658691
Dairy products such as cheese and butter are made from,milk,-5.865633010864258,-4.7938995361328125,-5.598844528198242,-8.6716947555542
"Most animals have complex eyes which can detect color, motion and",texture,-7.062338829040527,-7.059842586517334,-7.772481918334961,-12.381675720214844
A woman has different reproductive organs than a,man,-3.2884836196899414,-1.9647765159606934,-2.1715891361236572,-10.273900985717773
The axe is a tool used to split and cut,wood,-8.291425704956055,-5.045106887817383,-4.268289566040039,-12.93470287322998
A knife is a tool with a sharp edge that is used to cut,things,-7.029231071472168,-6.3042497634887695,-6.348137378692627,-13.834795951843262
Seats are fixed chairs located in vehicles or in places like,cinemas,-16.912723541259766,-18.7396240234375,-18.261232376098633,-18.498140335083008
Extreme drought will eventually turn areas into desert and cause,famine,-16.875402450561523,-16.80731201171875,-16.921058654785156,-16.58355140686035
"Rifles are used in hunting and shooting sports, sometimes with",scopes,-16.374530792236328,-16.538484573364258,-17.10106658935547,-20.87388801574707
A train station is a place where passengers get on or off a,train,-2.683480978012085,-2.8077032566070557,-3.3122777938842773,-7.252167701721191
Drunk driving plays a role in almost half of all vehicle-related,deaths,-4.262063503265381,-3.2216081619262695,-3.303281784057617,-16.609025955200195
