good_sentence,bad_sentence,direct_log_prob_good,direct_log_prob_bad,MetaQuestionSimple_log_prob_good,MetaQuestionSimple_log_prob_bad,MetaInstruct_log_prob_good,MetaInstruct_log_prob_bad,MetaQuestionComplex_log_prob_good,MetaQuestionComplex_log_prob_bad
A print of many eyes does vanish.,A print of many eyes do vanish.,-91.18856811523438,-90.16041564941406,-5.433380365371704,-5.788642644882202,-5.349719285964966,-5.9404456615448,-4.862187385559082,-5.107194900512695
Judy broke that couch.,Judy broke those couch.,-83.39470672607422,-88.48335266113281,-6.154590606689453,-5.315503120422363,-5.5343077182769775,-4.673076868057251,-5.638849258422852,-5.508504867553711
All guys could bore this unemployed dancer.,All guys could bore these unemployed dancer.,-111.66392517089844,-117.0650634765625,-6.3993449211120605,-5.030043125152588,-5.600695013999939,-4.340984582901001,-5.526235580444336,-5.383965492248535
The forgotten synopsis was good.,The forgot synopsis was good.,-82.01449584960938,-85.94343566894531,-5.172121524810791,-5.104433536529541,-5.158965110778809,-5.156276702880859,-5.603211045265198,-5.356558203697205
There weren't bound to be many computers boring Tara.,There weren't excited to be many computers boring Tara.,-112.33998107910156,-127.10260009765625,-5.638902187347412,-5.73995304107666,-5.481414318084717,-5.620598316192627,-5.343599319458008,-5.215792536735535
Angela can't stun herself.,Angela can't stun itself.,-81.46296691894531,-86.66844177246094,-5.723846673965454,-5.663186311721802,-5.155388832092285,-5.0422186851501465,-4.916988134384155,-5.062722086906433
Cindy could praise these men.,Cindy could praise this men.,-79.6973876953125,-85.19256591796875,-6.233240127563477,-6.2464985847473145,-5.638427972793579,-5.7857582569122314,-5.618938446044922,-5.548090934753418
The Clintons often climb down a ladder.,The Clintons ever climb down a ladder.,-77.90648651123047,-85.1741943359375,-5.928209066390991,-5.220745801925659,-5.402071237564087,-4.977750539779663,-5.5820395946502686,-5.574549436569214
Only Natalie's niece that Lori listens to ever prevented Bethany from exploring this college campus.,Natalie's niece that only Lori listens to ever prevented Bethany from exploring this college campus.,-171.28103637695312,-172.2206573486328,-6.4055023193359375,-6.027925491333008,-6.175194978713989,-5.887834787368774,-6.807960748672485,-6.751185417175293
Ella remembered that most customers discuss Bruce.,Ella remembered who most customers discuss Bruce.,-106.84674072265625,-112.88182067871094,-5.250268936157227,-5.131458282470703,-5.292362928390503,-5.275673151016235,-6.578244686126709,-6.118017196655273
Only some tomato had ever charred.,Even some tomato had ever charred.,-99.23922729492188,-96.83148193359375,-5.563930511474609,-5.836492538452148,-5.368678569793701,-5.538409233093262,-5.2334489822387695,-5.431051254272461
No man had toured more than five libraries.,No man had toured at least five libraries.,-92.67982482910156,-92.34365844726562,-6.007282495498657,-5.986285924911499,-5.607213735580444,-5.401079416275024,-6.121667385101318,-5.961564540863037
Dawn hasn't said Robert hadn't watched himself.,Dawn hasn't said Robert hadn't watched herself.,-110.97274780273438,-110.92510986328125,-5.844230890274048,-5.421705007553101,-5.100404262542725,-4.871849060058594,-6.25507664680481,-6.208623647689819
What is Derek ascending without noticing every ladder?,What is Derek ascending every ladder without noticing?,-115.13418579101562,-114.64045715332031,-5.406534433364868,-5.509962320327759,-5.065221071243286,-4.958162903785706,-6.186452865600586,-6.047880172729492
Lissa hadn't discovered there to be mountains disappearing.,Lissa hadn't implored there to be mountains disappearing.,-116.93719482421875,-124.56243896484375,-5.877782821655273,-6.263087749481201,-5.2495152950286865,-5.693209409713745,-5.823543071746826,-5.634861469268799
An actor wasn't bound to propose to drive to these banks.,An actor wasn't unpleasant to propose to drive to these banks.,-125.89566040039062,-128.64334106445312,-5.749767065048218,-5.430965185165405,-5.282408714294434,-5.21740198135376,-5.849745512008667,-5.842040777206421
The Borgias figure out what that pedestrian that comes here goes to.,The Borgias figure out that that pedestrian that comes here goes to.,-130.6910400390625,-138.6359405517578,-6.515070676803589,-5.698701620101929,-6.382983922958374,-5.1533043384552,-6.519267797470093,-6.069103956222534
Janet discovers Lissa.,Janet discover Lissa.,-85.73008728027344,-91.28590393066406,-6.7392802238464355,-6.7217488288879395,-6.621146202087402,-6.525999069213867,-4.7683024406433105,-4.918308258056641
A guy has criticized most daughters of Benjamin.,A guy has slumped over most daughters of Benjamin.,-105.6949462890625,-124.56881713867188,-5.534317255020142,-5.114347696304321,-5.221900224685669,-4.817040205001831,-6.1549458503723145,-6.179701805114746
A lot of customers were disliked by some person.,A lot of customers were disliked by some casseroles.,-82.56057739257812,-95.33592224121094,-5.203811883926392,-5.7493736743927,-5.0348968505859375,-5.659482479095459,-6.2592809200286865,-6.356371641159058
The dancer suffers.,The dancers suffers.,-70.94403076171875,-76.64314270019531,-6.432789087295532,-5.967944383621216,-6.453272581100464,-5.823763608932495,-5.243941783905029,-5.2730560302734375
Stacey can listen to which child?,Which can Stacey listen to child?,-97.82252502441406,-100.00961303710938,-5.906552314758301,-5.727677822113037,-5.549785614013672,-5.6086225509643555,-5.514602422714233,-5.316242933273315
Maria hated herself.,Maria hated itself.,-67.63386535644531,-74.0610580444336,-5.83935284614563,-5.9094178676605225,-5.55422306060791,-5.568228244781494,-5.003351211547852,-4.969483852386475
Who had the legislatures learned they won't watch?,Who had the legislatures learned who won't watch?,-108.06877136230469,-115.11044311523438,-6.259049415588379,-6.343914031982422,-5.961448431015015,-6.121296167373657,-5.68540620803833,-5.680817127227783
Anne imagines Carlos helps himself.,Carlos imagines Anne helps himself.,-90.93521118164062,-88.06312561035156,-5.363656044006348,-5.445196628570557,-4.963498592376709,-5.0419135093688965,-5.269297361373901,-5.3359644412994385
Dan's classmates aren't seen by the teacher's mothers.,Dan's classmates aren't struggled by the teacher's mothers.,-100.88749694824219,-108.1910400390625,-5.961598634719849,-6.007893800735474,-5.915294647216797,-5.9229912757873535,-5.908393383026123,-5.811081409454346
Teresa's electricians weren't approached by Mary.,Teresa's electricians weren't responded by Mary.,-99.42405700683594,-104.29339599609375,-6.322913885116577,-6.0805723667144775,-5.998753786087036,-5.745744943618774,-5.716193199157715,-5.477919220924377
Only the cakes would ever char.,Even the cakes would ever char.,-89.54849243164062,-87.08839416503906,-6.603675603866577,-6.539666414260864,-6.069903373718262,-6.097079277038574,-5.607794761657715,-5.524424076080322
Even Roger also smiles.,Even Roger ever smiles.,-83.55242156982422,-83.9006118774414,-6.191027641296387,-5.680966377258301,-5.897348403930664,-5.494381427764893,-5.725241661071777,-5.462342381477356
Kayla insults herself.,Kayla insults itself.,-74.65275573730469,-80.00592803955078,-6.227664470672607,-6.22754430770874,-5.7623045444488525,-5.764531850814819,-5.747338056564331,-5.798214673995972
The men couldn't disagree with themselves.,The men couldn't disagree with herself.,-75.76658630371094,-77.99229431152344,-4.976101636886597,-5.155958890914917,-4.824056386947632,-4.886963605880737,-5.757779359817505,-5.680113077163696
That painting is looking like this delighted boy.,That painting is looking like this delighted boys.,-97.311279296875,-100.70538330078125,-6.000847816467285,-5.621387481689453,-5.745948553085327,-5.153272867202759,-6.83666729927063,-6.768047571182251
Some waiter remembers Ruth.,Every fork remembers Ruth.,-83.80976867675781,-94.38885498046875,-5.769654273986816,-6.025021076202393,-5.094428658485413,-4.990626096725464,-5.116219401359558,-4.980876684188843
Sherry thought about herself questioning every adult.,Sherry thought about herself questions every adult.,-99.22380065917969,-102.745361328125,-6.0041046142578125,-5.845560073852539,-6.163912773132324,-5.7808518409729,-5.323683738708496,-5.748866558074951
Becky's classmates found there to be fewer than three grandsons of Beverly upsetting Mark.,Becky's classmates persuade there to be fewer than three grandsons of Beverly upsetting Mark.,-154.02085876464844,-161.6055145263672,-6.447950839996338,-6.323952674865723,-6.105657577514648,-6.036279678344727,-6.06298303604126,-6.0743608474731445
Stephanie hasn't said James reveals himself.,Stephanie hasn't said James reveals herself.,-105.30181884765625,-106.48591613769531,-5.668375730514526,-5.499953508377075,-5.223874568939209,-5.0712175369262695,-6.141472578048706,-6.267094850540161
Art has distracted one uncertain podiatrist and many hills had distracted two.,Art has distracted one podiatrist and many hills had distracted two uncertain.,-148.18487548828125,-146.23654174804688,-5.5733208656311035,-5.066830158233643,-5.473851919174194,-5.005436658859253,-6.54242730140686,-6.536933422088623
All radii haven't shocked Katherine.,All radii hasn't shocked Katherine.,-99.42913818359375,-102.76860046386719,-5.348323583602905,-5.108090281486511,-5.5663206577301025,-5.4540828466415405,-5.1062891483306885,-4.849733591079712
Eva had thought about these grocery stores that Alan was driving to.,Eva had thought about what Alan was driving to these grocery stores.,-115.07950592041016,-120.15081787109375,-5.227087020874023,-5.724116325378418,-4.895997524261475,-5.4217376708984375,-5.825483798980713,-5.798525810241699
There is a vase appearing.,There is each vase appearing.,-77.24872589111328,-88.24455261230469,-5.051302671432495,-4.3153235912323,-4.973894476890564,-4.368073463439941,-4.956644296646118,-4.559807062149048
Clyde's girlfriend isn't observed.,Clyde's girlfriend isn't murmured.,-82.32305145263672,-91.95487976074219,-5.763791799545288,-5.6019980907440186,-5.274711608886719,-5.089197635650635,-5.074441194534302,-4.956390619277954
The hidden convertible is small.,The hid convertible is small.,-73.01881408691406,-86.3133544921875,-6.135788202285767,-6.243964433670044,-5.852638244628906,-6.0606770515441895,-5.51301896572113,-5.670000076293945
Heather wouldn't know a guy that Mary hasn't concealed.,Heather wouldn't know who Mary hasn't concealed a guy.,-110.13578796386719,-107.64907836914062,-5.031975507736206,-4.971247911453247,-4.54414701461792,-4.7954840660095215,-5.650622844696045,-5.428341865539551
Peter's oncologist does heal a few displeased grandsons and Eva does heal a lot.,Peter's oncologist does heal a few grandsons and Eva does heal a lot displeased.,-173.92169189453125,-170.07752990722656,-4.774000406265259,-4.794204950332642,-4.439456462860107,-4.7615861892700195,-6.765368223190308,-6.578111886978149
Many guys forgot Anna.,Many guys forgotten Anna.,-76.14197540283203,-83.73011016845703,-5.700793743133545,-5.081862926483154,-5.7717132568359375,-4.718641757965088,-6.086742401123047,-5.640722751617432
Christina should drive to that museum.,Christina should drive to that museums.,-80.84004211425781,-87.47264099121094,-5.4973838329315186,-4.453730463981628,-5.2395477294921875,-4.588703155517578,-5.209099054336548,-4.96857476234436
Anna walks through these purple oases.,Anna walks through this purple oases.,-86.45497131347656,-94.10789489746094,-5.470874071121216,-5.7840211391448975,-5.040658712387085,-5.451718091964722,-5.126134395599365,-5.049300193786621
Phillip isn't confusing himself.,Phillip isn't confusing itself.,-68.38475036621094,-73.14910125732422,-6.198383569717407,-5.791549921035767,-5.883899450302124,-5.5356762409210205,-5.846577882766724,-5.7867162227630615
Spain is visited.,Spain is profited.,-57.32380294799805,-69.62838745117188,-5.944388151168823,-6.229618310928345,-5.063871622085571,-4.8719871044158936,-4.372073411941528,-4.4385740756988525
Some committees weren't revealing what the pedestrian drops by.,Some committees weren't revealing that the pedestrian drops by.,-115.85498046875,-115.50137329101562,-6.049378395080566,-6.0560221672058105,-5.361254930496216,-5.203636407852173,-6.158979892730713,-6.239602088928223
Heather might know what every window that exists resembled.,Heather might know that every window that exists resembled.,-111.44450378417969,-108.60597229003906,-5.606603622436523,-6.265701770782471,-5.45851731300354,-5.963736295700073,-5.339282512664795,-5.553552150726318
Julia referenced herself.,Julia referenced itself.,-70.6179428100586,-74.9366455078125,-4.8569016456604,-5.325883388519287,-5.002049207687378,-5.586344957351685,-5.480940103530884,-5.177658796310425
The Impressionists were fixing those gray teeth.,The Impressionists were fixing those gray tooth.,-105.40739440917969,-115.83601379394531,-5.350044012069702,-4.966322660446167,-4.8825061321258545,-4.4717676639556885,-5.49419093132019,-5.457229018211365
Lawrence hasn't walked through the bank.,Lawrence haven't walked through the bank.,-81.05413818359375,-86.74516296386719,-5.595189094543457,-5.42484188079834,-5.762845039367676,-5.392805576324463,-5.164214611053467,-5.236850261688232
That person wasn't stunning those adults.,That person wasn't stunning that adults.,-95.04931640625,-95.27395629882812,-5.003340721130371,-4.660709381103516,-4.638495922088623,-4.50572669506073,-5.860281944274902,-5.9520721435546875
It's himself that Steve discussed.,It's himself that discussed Steve.,-84.83451843261719,-89.41259765625,-6.2650275230407715,-5.378011703491211,-5.417072534561157,-4.678213477134705,-6.426140069961548,-6.130282640457153
No patient had scanned fewer than eight essays.,No patient had scanned at most eight essays.,-96.98878479003906,-96.97410583496094,-5.2218451499938965,-5.148898124694824,-5.026848554611206,-4.879956960678101,-5.922669172286987,-6.078457593917847
Those drivers got a job.,Those drivers gotten a job.,-63.7034912109375,-69.98698425292969,-6.303377389907837,-5.471135854721069,-5.982246160507202,-5.471740484237671,-5.370453357696533,-5.404309272766113
David hadn't thought about himself fleeing from every guest.,David hadn't thought about himself fled from every guest.,-104.67854309082031,-108.58456420898438,-6.2591681480407715,-5.859747409820557,-6.01315975189209,-5.700682640075684,-5.6959569454193115,-5.815685510635376
The Clintons boast about these hypotheses.,The Clintons boast about these hypothesis.,-87.72776794433594,-91.36753845214844,-5.6078290939331055,-5.496446132659912,-5.810745477676392,-5.562667608261108,-5.458059906959534,-5.4363884925842285
Who aren't Natalie's electricians that criticized Carolyn's colleagues disturbing?,Who aren't Carolyn's colleagues disturbing Natalie's electricians that criticized?,-156.20523071289062,-158.33135986328125,-4.596075773239136,-5.439404726028442,-3.7797409296035767,-4.624218463897705,-6.344992399215698,-6.535141229629517
The forgotten dancer is troubled.,The forgot dancer is troubled.,-82.71389770507812,-96.68528747558594,-5.614625453948975,-5.737812042236328,-5.385325908660889,-5.53804349899292,-4.996407389640808,-4.853309512138367
The forgotten commentaries were long.,The forgot commentaries were long.,-88.428955078125,-98.07453918457031,-5.483768701553345,-5.2188560962677,-5.389775037765503,-5.159391164779663,-5.9074413776397705,-5.913043141365051
Should Dawn ever exit hills?,Dawn should ever exit hills.,-82.46873474121094,-91.521484375,-6.644422292709351,-5.719370126724243,-6.5824620723724365,-5.7029829025268555,-4.908684730529785,-5.247908592224121
Every girl boasted about at most four waiters.,No girl boasted about at most four waiters.,-103.16017150878906,-100.03022766113281,-5.220186233520508,-5.502154350280762,-5.185559153556824,-5.14754056930542,-6.017978191375732,-5.962697982788086
The Impressionists have changed.,The Impressionists have dropped by.,-74.56661987304688,-82.42143249511719,-5.586429834365845,-5.714895963668823,-4.691839694976807,-4.825398921966553,-5.539296865463257,-5.647345304489136
The feet tip over.,The foot tip over.,-79.86669921875,-84.88715362548828,-5.753324747085571,-5.84137225151062,-5.548414707183838,-5.881697177886963,-5.081126809120178,-5.157496690750122
Many customers talk about that delighted child.,Many customers talk about those delighted child.,-83.55276489257812,-91.93867492675781,-4.970912456512451,-5.108758449554443,-4.866103649139404,-5.215893268585205,-6.1401660442352295,-5.920845985412598
Katherine found out that that cashier didn't sell some ice cream.,Katherine found out what that cashier didn't sell some ice cream.,-120.53653717041016,-133.61231994628906,-5.955102443695068,-6.473328113555908,-5.558523178100586,-6.309259414672852,-6.1541430950164795,-5.917639493942261
That mirror is cleaned by the dancer.,That mirror is cleaned by the muffins.,-83.44512939453125,-85.42677307128906,-6.09599757194519,-5.618905305862427,-5.872983694076538,-5.382904291152954,-5.305344343185425,-5.417034864425659
Dawn is disgusting herself.,Dawn is disgusting itself.,-74.09696960449219,-74.9697265625,-6.242984056472778,-5.839702367782593,-5.903247117996216,-5.445917844772339,-5.215546369552612,-5.640696287155151
Harvard University impressed itself.,Harvard University impressed themselves.,-75.04911804199219,-76.73756408691406,-6.208566188812256,-5.998087406158447,-5.601433515548706,-5.4887168407440186,-6.037471055984497,-6.109705209732056
Stacy finds out who these companies do listen to.,Stacy finds out that these companies do listen to.,-111.06001281738281,-111.628662109375,-5.9095118045806885,-5.863487958908081,-5.684759140014648,-5.387762069702148,-5.080664396286011,-5.399819612503052
Jane had remembered herself.,Jane had remembered himself.,-71.52020263671875,-74.63671875,-6.349287509918213,-6.5456061363220215,-5.992000102996826,-6.0390167236328125,-4.811117053031921,-4.916574478149414
That school that has bothered a lot of girls talks about some boy.,That school that has bothered a lot of girls talk about some boy.,-117.64163970947266,-119.11412811279297,-5.757591962814331,-5.4592039585113525,-5.564483165740967,-5.142745018005371,-7.147912263870239,-7.200148582458496
Many guests describe Amanda.,Many guests describes Amanda.,-78.2479476928711,-83.65225219726562,-5.330003023147583,-5.1945730447769165,-5.459378004074097,-5.322810888290405,-6.093912363052368,-6.254232883453369
Carmen isn't researching those newspaper articles that April isn't arguing about that haven't aggravated these girls.,Carmen isn't researching who those newspaper articles that April isn't arguing about haven't aggravated these girls.,-167.4185791015625,-177.84127807617188,-5.207804441452026,-5.2264134883880615,-4.867671251296997,-4.87555193901062,-6.632810115814209,-6.59904408454895
Tina shouldn't take three orange mountains and Elizabeth's guests shouldn't take almost as many.,Tina shouldn't take three mountains and Elizabeth's guests shouldn't take almost as many orange.,-148.1244354248047,-155.2585906982422,-4.952887773513794,-5.338207960128784,-4.372180700302124,-4.852140665054321,-5.873255968093872,-5.9216225147247314
All hills aren't exciting to arrive at.,All hills aren't apt to arrive at.,-94.8656005859375,-98.36709594726562,-6.533165693283081,-6.019593954086304,-5.5379579067230225,-5.528125524520874,-4.810689210891724,-4.8255531787872314
Most women who aren't praising Regina will sound like themselves.,Most women who aren't praising Regina will sound like herself.,-111.76530456542969,-113.7889404296875,-6.083393573760986,-5.882059574127197,-6.068030595779419,-5.804197072982788,-6.616913080215454,-6.557638883590698
Kevin was loved by the teenagers.,Kevin was loved by the broccoli.,-73.72787475585938,-76.71241760253906,-5.221161127090454,-5.008776426315308,-4.558506727218628,-4.595162630081177,-4.77958881855011,-4.6742329597473145
Ronald's student is discovering one hopeful father and every cousin of Becky is discovering some.,Ronald's student is discovering one father and every cousin of Becky is discovering some hopeful.,-181.37991333007812,-186.10256958007812,-5.305607318878174,-5.475555419921875,-5.50264835357666,-5.73214864730835,-5.712342977523804,-5.767581224441528
Florence is forgotten by some boy.,Florence is forgotten by some species.,-80.6485595703125,-75.85249328613281,-5.725249767303467,-5.802275657653809,-5.184041738510132,-5.220102548599243,-5.724766731262207,-5.595795631408691
It's itself that that pork would stun.,It's itself that would stun that pork.,-111.03056335449219,-108.48939514160156,-5.938959836959839,-5.611531019210815,-5.431271553039551,-5.332910537719727,-5.523280620574951,-5.428891658782959
Sara can't scan that story.,Music can't scan that story.,-81.53343200683594,-82.87464904785156,-5.50030517578125,-5.165013313293457,-5.287007093429565,-4.888627886772156,-4.712674140930176,-4.6976318359375
Wendy didn't approach that actress.,The slope didn't approach that actress.,-76.81415557861328,-89.6575927734375,-5.7586989402771,-5.670821666717529,-5.423232555389404,-5.373521208763123,-5.247149109840393,-5.270237922668457
Barbara bought.,Barbara lifts.,-61.02761459350586,-67.00167846679688,-7.706111907958984,-7.201556921005249,-7.340917110443115,-6.6565446853637695,-4.096506834030151,-4.169854402542114
The hidden snakes aren't black.,The hid snakes aren't black.,-82.08450317382812,-90.45170593261719,-5.688784837722778,-5.580045461654663,-5.640267848968506,-5.798366069793701,-5.800899863243103,-5.875429391860962
Amanda was boycotting whose malls?,Whose was Amanda boycotting malls?,-98.03315734863281,-92.27702331542969,-5.923241853713989,-5.9809324741363525,-4.9008567333221436,-5.004304647445679,-6.374713659286499,-6.528890371322632
Roger does complain about himself.,Roger does complain about themselves.,-82.00225830078125,-87.05642700195312,-5.683217287063599,-5.580586671829224,-5.294903039932251,-5.2252514362335205,-5.758730888366699,-5.725377082824707
Every waitress boasted about herself.,Every waitress boasted about themselves.,-88.19915771484375,-88.95864868164062,-5.199265956878662,-5.298192501068115,-4.996006727218628,-5.192180395126343,-5.33444619178772,-5.4321959018707275
Russell's guests who can escape from Keith did not ever write.,Russell's guests who can not escape from Keith did ever write.,-119.72307586669922,-130.0823211669922,-5.9256346225738525,-5.615160226821899,-5.561314821243286,-5.0783421993255615,-6.209859371185303,-6.0961594581604
What have Larry and Homer hired?,What had Larry hired and Homer?,-87.55374145507812,-104.70664978027344,-5.470476865768433,-5.602495431900024,-5.122012615203857,-5.204836845397949,-5.537106990814209,-5.303864002227783
The children were saying Matt insulted himself.,The children were saying Matt insulted themselves.,-100.53744506835938,-100.13401794433594,-5.233855247497559,-5.2869720458984375,-5.208483695983887,-5.3757100105285645,-6.885988235473633,-6.641021013259888
Lissa questions every government that irritated Brian.,Lissa questions who every government irritated Brian.,-116.97711181640625,-123.81568908691406,-5.644245147705078,-5.472454071044922,-5.157490015029907,-5.213389158248901,-6.0506932735443115,-5.829363107681274
The women forget who students sounded like.,The women forget that students sounded like.,-99.0223388671875,-103.465087890625,-5.707423686981201,-5.827921390533447,-5.398420810699463,-5.050261974334717,-5.924386501312256,-5.602589130401611
The man hasn't insulted Valerie.,The man haven't insulted Valerie.,-91.19764709472656,-95.04740905761719,-6.229873180389404,-5.743357181549072,-6.09854531288147,-5.563559293746948,-5.712687015533447,-5.738694667816162
Gary thinks about himself looking like paintings.,Gary thinks about himself looks like paintings.,-94.15469360351562,-91.81959533691406,-5.655188322067261,-5.388894319534302,-5.504541873931885,-5.207553863525391,-5.830211400985718,-5.540571451187134
No guy was admiring more than two forks.,No guy was admiring at least two forks.,-92.49049377441406,-93.32536315917969,-5.568200349807739,-5.4141552448272705,-5.553263902664185,-4.974169015884399,-5.842069149017334,-5.621687412261963
Some child has wept.,Some child have wept.,-70.8828125,-75.13263702392578,-6.14702582359314,-5.8638527393341064,-6.000073194503784,-5.857813596725464,-5.7425737380981445,-5.701101779937744
Alicia hasn't ascended many mountains.,Alicia haven't ascended many mountains.,-81.34747314453125,-89.56277465820312,-6.165120601654053,-6.143125057220459,-5.581898927688599,-5.6744163036346436,-5.161975622177124,-5.074828028678894
Some men's partner was judging it to be unexpected that Tracy can't predict Candice to talk about these guests.,Some men's partner wasn't enticing it to be unexpected that Tracy can't predict Candice to talk about these guests.,-191.97935485839844,-207.39813232421875,-6.062700271606445,-6.095858573913574,-5.630537271499634,-5.862364053726196,-6.293808937072754,-6.289111614227295
Susan isn't watching several hairdressers and a man's mentee isn't watching a few content hairdressers.,Susan isn't watching several uncertain hairdressers and a man's mentee isn't watching a few content.,-160.42088317871094,-166.72434997558594,-5.628376483917236,-4.955415725708008,-5.666153907775879,-4.918651580810547,-6.595889329910278,-6.2788050174713135
The book resembled no orange photographs and these jackets resembled some.,The book resembled no photographs and these jackets resembled some orange.,-146.82969665527344,-144.44723510742188,-3.849457263946533,-3.681835651397705,-3.6659047603607178,-3.8968989849090576,-5.507328748703003,-5.761797666549683
Rachel respected herself.,Rachel respected itself.,-65.51583862304688,-71.33674621582031,-6.10606837272644,-5.73514199256897,-5.922587156295776,-5.531366586685181,-5.524987697601318,-5.36562442779541
No actor explored fewer than eight high schools.,No actor explored at most eight high schools.,-96.57412719726562,-96.42118835449219,-5.3799214363098145,-5.186909198760986,-5.343723297119141,-5.159962177276611,-5.876785039901733,-6.090327024459839
Bethany's friend can anticipate it to be uninteresting that some cilantro has ripened.,Bethany's friend dares it to be uninteresting that some cilantro has ripened.,-145.3658447265625,-153.61892700195312,-6.115394115447998,-5.703792572021484,-5.938002109527588,-5.760597229003906,-5.918476581573486,-6.330495834350586
Guy hadn't left himself.,Guy hadn't left themselves.,-71.11894226074219,-76.97312927246094,-5.945521354675293,-5.78209114074707,-5.5301477909088135,-5.2422935962677,-5.6761205196380615,-5.716334104537964
Spain is difficult to bike to.,Spain is likely to bike to.,-63.678951263427734,-68.29652404785156,-5.4494078159332275,-5.2856409549713135,-5.061775207519531,-4.845015525817871,-5.0360918045043945,-4.96730649471283
Lisa will imagine Vincent knows himself.,Vincent will imagine Lisa knows himself.,-101.68904113769531,-99.50048828125,-5.733985662460327,-5.160865545272827,-5.530787229537964,-5.057381868362427,-5.593746662139893,-5.509410858154297
Kathleen thinks Andrew discusses himself.,Andrew thinks Kathleen discusses himself.,-90.07777404785156,-91.19068908691406,-6.285738468170166,-6.111868858337402,-5.6717143058776855,-5.408029079437256,-6.292792558670044,-6.426482915878296
Carla's daughters are preferring there to be an actor slumping over.,Carla's daughters are urging there to be an actor slumping over.,-132.58116149902344,-134.905517578125,-6.142623424530029,-5.994431495666504,-5.747410297393799,-5.417598247528076,-6.070037603378296,-6.025535345077515
Richard's tutors weren't worried by current events.,Richard's tutors weren't smiled by current events.,-99.4481201171875,-107.35247802734375,-6.532230377197266,-5.893440246582031,-6.1987059116363525,-5.73558783531189,-5.1054641008377075,-5.059961795806885
Only David could ever talk.,Even David could ever talk.,-80.58702850341797,-78.23956298828125,-6.179020643234253,-6.428710222244263,-5.956407070159912,-6.313591003417969,-5.361486434936523,-5.476811408996582
All banks are there prodding Randolf to insult these schools.,There are all banks prodding Randolf to insult these schools.,-142.97836303710938,-144.36109924316406,-5.248669147491455,-5.208505630493164,-5.17287015914917,-5.197922706604004,-5.293199300765991,-5.247404456138611
Alicia won't remember analyses that this man examined.,Alicia won't remember what this man examined analyses.,-116.56916809082031,-121.46743774414062,-5.169881343841553,-4.662534236907959,-4.9599549770355225,-4.489798307418823,-5.966226816177368,-5.876897573471069
The woman was working with Naomi.,The women was working with Naomi.,-77.69327545166016,-86.4803466796875,-6.787400245666504,-6.4350457191467285,-6.287878751754761,-5.900651216506958,-5.569655656814575,-5.236194849014282
Every public park wasn't there embarrassing Veronica.,There wasn't every public park embarrassing Veronica.,-123.29129028320312,-118.29400634765625,-5.381601095199585,-5.9690845012664795,-4.808145046234131,-5.378993034362793,-6.023212671279907,-5.662280797958374
The government isn't arguing about Heidi.,The government aren't arguing about Heidi.,-84.97874450683594,-90.05528259277344,-5.117986440658569,-4.891247034072876,-4.8527257442474365,-4.691634893417358,-5.302886009216309,-5.401796817779541
Every senator toured at least eight hospitals.,No senator toured at least eight hospitals.,-99.33648681640625,-93.40179443359375,-5.230375528335571,-5.24605917930603,-4.95184588432312,-4.679209470748901,-5.574296236038208,-5.627462148666382
Carmen's dermatologists had argued about one young husband and Kayla had argued about three.,Carmen's dermatologists had argued about one husband and Kayla had argued about three young.,-151.73202514648438,-150.11502075195312,-5.336751937866211,-5.552489280700684,-4.91461455821991,-5.2175822257995605,-6.494887113571167,-6.450571775436401
Marcus's nieces were referenced by an adult.,Marcus's nieces were conspired by an adult.,-93.58393859863281,-93.7742919921875,-6.091131925582886,-6.276309251785278,-5.628992557525635,-5.755384922027588,-5.308887720108032,-5.584740877151489
Most reports are pleasant to complain about.,Most reports are certain to complain about.,-86.9415283203125,-81.3793716430664,-4.80724573135376,-5.25186824798584,-4.373992085456848,-4.931259393692017,-5.582567453384399,-5.440800428390503
Jill can not ever prevent Marcus from messing up most public parks.,Jill can probably ever prevent Marcus from messing up most public parks.,-122.57628631591797,-128.87232971191406,-6.5090248584747314,-6.595189809799194,-5.832517862319946,-6.020523309707642,-5.766112804412842,-6.062131404876709
Tracy hadn't hugged Emily.,This sweater hadn't hugged Emily.,-89.31886291503906,-94.78726196289062,-5.630692720413208,-5.66318678855896,-5.143827676773071,-5.228867292404175,-5.019805073738098,-5.349490642547607
No waitress visited fewer than three teenagers.,No waitress visited at most three teenagers.,-91.02760314941406,-92.87226867675781,-5.007421970367432,-5.209072709083557,-5.225087881088257,-5.268172025680542,-5.990819454193115,-6.28377103805542
The taken chair is big.,The took chair is big.,-77.7359619140625,-82.27261352539062,-5.717085599899292,-5.64653468132019,-5.597867488861084,-5.8188066482543945,-5.194481611251831,-4.916341543197632
Susan hugged herself.,Susan hugged themselves.,-62.63120651245117,-67.77429962158203,-5.81513524055481,-5.74224591255188,-5.262598752975464,-5.274868726730347,-4.865648984909058,-4.830108404159546
Matt unfolded that blouse.,Matt existed that blouse.,-83.11088562011719,-77.68992614746094,-5.340197324752808,-5.301709890365601,-4.990931510925293,-5.101398468017578,-5.2502429485321045,-4.948071718215942
Becky wasn't described by the driver.,Becky wasn't described by the cups.,-89.77229309082031,-93.15626525878906,-5.888302326202393,-5.748445510864258,-5.349785804748535,-5.269298076629639,-5.360667705535889,-5.238880038261414
Elizabeth's son won't stun one ill sister and a lot of dancers' daughter won't stun two.,Elizabeth's son won't stun one sister and a lot of dancers' daughter won't stun two ill.,-177.28167724609375,-175.61294555664062,-4.300994396209717,-4.6887125968933105,-4.416274309158325,-4.894007444381714,-6.489881753921509,-6.497068643569946
Theresa won't research some banks that adults aggravate that forgot some pedestrian.,Theresa won't research who some banks that adults aggravate forgot some pedestrian.,-171.51942443847656,-187.11691284179688,-5.412455797195435,-5.053013563156128,-4.9898083209991455,-4.69693922996521,-6.010010719299316,-6.2235636711120605
Every waiter hid Julia.,Every waiter hidden Julia.,-91.9710693359375,-91.39254760742188,-6.175796031951904,-5.919654369354248,-6.088208198547363,-5.608939170837402,-5.27454686164856,-5.597041845321655
Which waitress has Amy hired?,Which has Amy hired waitress?,-88.03605651855469,-100.30667114257812,-5.8461689949035645,-4.806384921073914,-5.544400453567505,-4.5230371952056885,-6.014265537261963,-6.032602310180664
Each documentary about music is there astounding Stacey.,There is each documentary about music astounding Stacey.,-126.38739013671875,-124.08799743652344,-4.88637638092041,-5.446953296661377,-4.78101122379303,-4.871081590652466,-6.063737869262695,-5.932262897491455
No scarf should look like fewer than ten drawings.,No scarf should look like at most ten drawings.,-98.22392272949219,-97.47499084472656,-5.373703479766846,-5.926422595977783,-5.059110641479492,-5.2541184425354,-6.108022212982178,-6.068533420562744
Kenneth was considering there to be a teacher cooking.,Kenneth was obliging there to be a teacher cooking.,-101.21195983886719,-112.9293212890625,-6.157601594924927,-5.882391691207886,-6.033375978469849,-5.450665712356567,-4.906400203704834,-4.876993656158447
Literature bores that person.,Literature bores that people.,-85.30912017822266,-89.92855834960938,-5.9562036991119385,-5.990243196487427,-4.960391044616699,-5.2616963386535645,-5.514415979385376,-5.4528467655181885
Brett wasn't likely to fall.,Brett wasn't tough to fall.,-75.34092712402344,-82.31365966796875,-5.70645809173584,-5.72968864440918,-5.066965103149414,-5.081575870513916,-5.246317148208618,-5.086201906204224
That rabbit has found at least six mountains.,No rabbit has found at least six mountains.,-94.73880004882812,-84.57000732421875,-5.064630627632141,-5.664801359176636,-5.0659074783325195,-5.459010601043701,-5.690112352371216,-5.543207406997681
Most ladies weren't arguing about themselves.,Most ladies weren't arguing about herself.,-78.50580596923828,-82.05253601074219,-5.652410268783569,-5.458726644515991,-5.506638526916504,-5.388764381408691,-5.8467395305633545,-5.947371244430542
Rachelle wasn't driving to the lake.,The drawing wasn't driving to the lake.,-78.1058578491211,-88.404052734375,-5.363779783248901,-5.419511198997498,-4.817039489746094,-5.043795585632324,-4.2894251346588135,-4.5364649295806885
Some governments hadn't taken this hospital.,Some governments hadn't taken these hospital.,-99.09056091308594,-104.1292724609375,-5.783868312835693,-5.5235066413879395,-5.494339942932129,-5.045536994934082,-6.2485175132751465,-5.9874138832092285
Some pedestrians figure out that most drivers describe Elizabeth.,Some pedestrians figure out who most drivers describe Elizabeth.,-118.82101440429688,-126.28764343261719,-5.080503225326538,-5.120590925216675,-4.831388473510742,-4.900155544281006,-6.2266786098480225,-5.897846460342407
Some glass had bothered at most ten patients.,No glass had bothered at most ten patients.,-110.24201965332031,-105.07061767578125,-5.386314868927002,-5.943870544433594,-4.979015231132507,-5.293148994445801,-6.441632509231567,-6.354131460189819
There were some associations interacting.,There were all associations interacting.,-81.33451843261719,-89.22038269042969,-5.469910383224487,-5.350316286087036,-5.247670888900757,-5.217515707015991,-5.556114196777344,-5.484383463859558
The child is breaking most plates.,The children is breaking most plates.,-82.69075012207031,-88.93328857421875,-6.091797828674316,-6.002788066864014,-5.95326042175293,-5.717947959899902,-5.7022600173950195,-5.61362087726593
Ella is enjoyable to reveal.,Ella is soon to reveal.,-73.3414306640625,-70.76686096191406,-5.748457431793213,-6.0417561531066895,-5.366963624954224,-5.514729738235474,-5.201660394668579,-5.446157693862915
Some person was sure to litter.,Some person was unpleasant to litter.,-84.9732666015625,-88.55441284179688,-5.567344427108765,-5.40847373008728,-5.290821075439453,-5.2518463134765625,-5.716368913650513,-5.713953256607056
The association that hasn't disgusted these dancers forgets Julia.,The association that hasn't disgusted these dancers forget Julia.,-130.38783264160156,-130.06658935546875,-6.665415287017822,-6.236634254455566,-6.66716742515564,-6.0501625537872314,-6.8540496826171875,-6.702807426452637
Only most mothers of every guy who a report did disagree with have ever convinced Kathleen's senator to discover some spotlights.,Most mothers of every guy who only a report did disagree with have ever convinced Kathleen's senator to discover some spotlights.,-240.56790161132812,-231.183837890625,-6.160430431365967,-6.218146800994873,-5.831981420516968,-5.684579610824585,-7.1036858558654785,-7.216264009475708
Women discover the offspring that hadn't visited every mall.,Women discover what the offspring hadn't visited every mall.,-107.82008361816406,-114.56178283691406,-5.988935708999634,-6.157318830490112,-5.705004453659058,-5.921008348464966,-5.594395875930786,-5.436554193496704
It's herself that Rhonda had thought about.,It's herself that had thought about Rhonda.,-88.6982421875,-95.60377502441406,-6.516893625259399,-5.750053644180298,-5.848453521728516,-5.2796149253845215,-6.132140636444092,-5.844400405883789
All waitresses should listen to what man?,What should all waitresses listen to man?,-91.486572265625,-101.95460510253906,-5.325993299484253,-5.218724966049194,-4.592240810394287,-4.815762519836426,-5.504354000091553,-5.624499320983887
Vincent remembers Adam.,A convertible remembers Adam.,-74.43312072753906,-82.84983825683594,-6.199402570724487,-6.7439141273498535,-5.218191981315613,-5.867639780044556,-4.743259906768799,-4.635765075683594
Carl's father is sure to observe Vincent.,Carl's father is boring to observe Vincent.,-98.97422790527344,-95.8809814453125,-5.975260496139526,-6.116249322891235,-5.734347581863403,-5.6250622272491455,-5.139967083930969,-5.241192698478699
Some essay has stunned one good associate and those ladies had stunned at least as many.,Some essay has stunned one associate and those ladies had stunned at least as many good.,-178.30706787109375,-185.0541229248047,-4.888678073883057,-5.495924472808838,-4.929972887039185,-5.460172414779663,-7.418527603149414,-7.357821464538574
The hidden tomatoes were orange.,The hid tomatoes were orange.,-80.86817932128906,-87.8330078125,-6.1751017570495605,-5.900747299194336,-6.112775564193726,-5.838429689407349,-5.533514499664307,-6.055395126342773
Gina loves herself.,Gina loves itself.,-57.00615310668945,-63.78334426879883,-5.952600717544556,-5.4040162563323975,-5.5784149169921875,-4.850315093994141,-4.531737923622131,-4.750914573669434
Steve had imagined that he flees from Ronald.,Steve had imagined that himself flees from Ronald.,-101.445556640625,-113.60682678222656,-7.076216220855713,-6.924893379211426,-6.4559290409088135,-6.356521129608154,-5.934504508972168,-5.87027645111084
Who will Bill conceal he knows?,Who will Bill conceal who knows?,-89.257568359375,-87.83073425292969,-6.25092887878418,-6.508276462554932,-5.95537543296814,-5.998163461685181,-5.866237640380859,-5.811216831207275
A museum is upset.,A museum is interacted.,-63.98054504394531,-80.79560852050781,-6.193388938903809,-5.480208873748779,-5.467252254486084,-4.715428352355957,-4.896029710769653,-4.980998277664185
The mushroom isn't bought by some men.,The mushroom isn't bought by some plane.,-89.53883361816406,-93.50393676757812,-4.543020725250244,-5.2130231857299805,-4.074244976043701,-4.867356300354004,-5.393829584121704,-5.348551034927368
Alice conceals what the teenager that couldn't scan some newspaper articles couldn't walk through.,Alice conceals that the teenager that couldn't scan some newspaper articles couldn't walk through.,-169.64352416992188,-163.56304931640625,-6.4489665031433105,-6.836669921875,-6.129955291748047,-6.579712390899658,-6.122161388397217,-6.088699817657471
That bank that wouldn't resemble those sketches is talking to itself.,That bank that wouldn't resemble those sketches is talking to themselves.,-125.63662719726562,-126.57380676269531,-6.0207295417785645,-6.144247055053711,-5.692503452301025,-5.878936767578125,-5.9717371463775635,-6.130586385726929
That cart had accelerated.,That cart had seen.,-83.03099060058594,-82.8232421875,-6.577747583389282,-5.938244581222534,-5.941624402999878,-5.497942209243774,-5.112226247787476,-4.930558800697327
The doctors see these waitresses that weren't disturbing Chad.,The doctors see who these waitresses weren't disturbing Chad.,-140.4944305419922,-139.88258361816406,-5.379321336746216,-5.321379899978638,-5.2905964851379395,-5.381496429443359,-6.4641571044921875,-6.307384014129639
Ellen opened most doors.,Ellen appeared most doors.,-84.89065551757812,-86.48074340820312,-6.376070499420166,-5.911827564239502,-5.716763257980347,-5.356300115585327,-5.267265558242798,-4.976062536239624
Many children talk to themselves.,Many children talk to himself.,-63.29221725463867,-70.52577209472656,-5.357178211212158,-5.697637557983398,-5.430363655090332,-5.843880653381348,-5.863142013549805,-5.941712379455566
Russell knows that the men that weren't descending the hills had disliked Steven.,Russell knows who the men that weren't descending the hills had disliked Steven.,-143.2606201171875,-156.50518798828125,-5.933823347091675,-5.714190244674683,-6.102524995803833,-6.021230936050415,-6.098016023635864,-6.2995946407318115
Some ice isn't lifted by some boy.,Some ice isn't lifted by some octopus.,-89.3358154296875,-93.07984924316406,-5.371726989746094,-5.582010746002197,-5.097968697547913,-5.297272205352783,-5.888349533081055,-5.948124408721924
It's herself that Patricia investigates.,It's herself that investigates Patricia.,-84.04666137695312,-90.88807678222656,-6.483576536178589,-5.704386949539185,-5.493910789489746,-4.759184837341309,-5.806907892227173,-5.680793046951294
Some glove wasn't irritating some teenager.,Some glove aren't irritating some teenager.,-98.81993103027344,-102.09524536132812,-5.8697826862335205,-5.5696141719818115,-5.239265203475952,-4.9188148975372314,-6.49897027015686,-6.616792917251587
Jennifer concealed those cups.,Jennifer concealed those cup.,-79.83711242675781,-90.8021240234375,-5.817506313323975,-5.5473456382751465,-5.441344261169434,-5.1670050621032715,-4.544034481048584,-4.947848439216614
Rodney was moving Victoria.,Rodney was sighing Victoria.,-82.40546417236328,-88.50566101074219,-5.239964723587036,-5.97248387336731,-4.974990367889404,-5.66046142578125,-5.427133083343506,-5.477286338806152
That lamp wasn't darkening.,That lamp wasn't buying.,-83.17977905273438,-80.33586883544922,-5.633442640304565,-5.150131940841675,-4.941770792007446,-4.6948912143707275,-4.896970748901367,-5.0090813636779785
Every dancer can't say some committee loves itself.,Every dancer can't say some committee loves herself.,-113.05467224121094,-114.0032958984375,-5.785699844360352,-5.940438747406006,-5.333157062530518,-5.456860065460205,-6.1112353801727295,-6.152261972427368
Only those adults who Wayne loved should ever order Samantha to impress Mary.,Those adults who only Wayne loved should ever order Samantha to impress Mary.,-145.68605041503906,-151.85360717773438,-6.39335823059082,-6.136063575744629,-5.939024925231934,-6.000708103179932,-6.448441743850708,-6.285813570022583
Who has Tonya learned she approaches?,Who has Tonya learned who approaches?,-95.04197692871094,-94.26791381835938,-5.608880043029785,-5.842329502105713,-5.2276458740234375,-5.2238850593566895,-6.301643133163452,-6.354151964187622
Most actors skated around this library.,Many reports skated around this library.,-90.11813354492188,-89.6754150390625,-5.424230098724365,-5.242076873779297,-5.278586149215698,-5.190021276473999,-5.01964807510376,-5.158791542053223
Jodi drove to some hills.,Jodi driven to some hills.,-78.62391662597656,-80.67585754394531,-5.9335174560546875,-5.265672206878662,-5.571607828140259,-4.9274866580963135,-5.255866289138794,-5.367267370223999
The known cashiers weren't important.,The knew cashiers weren't important.,-92.04522705078125,-88.75627136230469,-5.8906097412109375,-5.7384352684021,-5.25023078918457,-5.479070663452148,-6.066546440124512,-6.193553924560547
This mother of the Borgias wakes up.,This mother of the Borgias praised.,-105.02610778808594,-113.50816345214844,-5.933179616928101,-6.312828779220581,-5.497998476028442,-5.638189077377319,-4.591679334640503,-4.340202569961548
All tomatoes can ripen.,All tomatoes can look like.,-80.43412780761719,-81.30130004882812,-5.0975446701049805,-4.823776721954346,-4.854492902755737,-4.644365549087524,-4.245925664901733,-4.14729905128479
James wasn't revealed by some woman.,James wasn't revealed by some cars.,-89.37614440917969,-90.2010498046875,-4.979575276374817,-4.889984846115112,-4.461968779563904,-4.601694107055664,-5.277470111846924,-5.1721391677856445
This screen that is disgusting Helen did bore itself.,This screen that is disgusting Helen did bore herself.,-136.05320739746094,-136.80496215820312,-5.825118780136108,-5.780135869979858,-5.3124377727508545,-5.4317991733551025,-6.237452983856201,-6.292196750640869
The actors weren't working with themselves.,The actors weren't working with himself.,-79.5385513305664,-81.416748046875,-5.052863836288452,-5.242204427719116,-5.100500583648682,-5.172952175140381,-6.102823495864868,-6.340245962142944
Every unicycle is sold by the senator.,Every unicycle is sold by the report.,-84.41466522216797,-90.38671875,-6.139894008636475,-5.4010162353515625,-5.429625034332275,-4.835004806518555,-4.3839263916015625,-4.537630081176758
The worn glasses weren't dirty.,The wore glasses weren't dirty.,-77.50646209716797,-85.14021301269531,-4.864033937454224,-4.786097288131714,-4.229182124137878,-4.1844847202301025,-5.863270282745361,-5.738134860992432
What malls has Ella biked to?,What has Ella biked to malls?,-98.58259582519531,-101.5498046875,-5.230693578720093,-3.7859880924224854,-4.952800512313843,-3.3651363849639893,-6.188177824020386,-6.332712411880493
Only Randolf does ever boast about Carlos.,Even Randolf does ever boast about Carlos.,-116.61033630371094,-125.50323486328125,-5.94865345954895,-6.8336217403411865,-5.618002891540527,-6.476959228515625,-5.718111991882324,-6.073556423187256
Marla's French teacher wants it to be not so pleasant that some governments haven't dared Emily to conceal William.,Marla's French teacher was pressuring it to be not so pleasant that some governments haven't dared Emily to conceal William.,-196.20468139648438,-213.69998168945312,-5.759634017944336,-5.615317344665527,-5.783028841018677,-5.5701820850372314,-6.062984466552734,-6.2800068855285645
Dennis was passing whose closet?,Whose was Dennis passing closet?,-90.63154602050781,-87.32037353515625,-5.674938201904297,-5.408419132232666,-5.117749214172363,-4.793622970581055,-5.868091106414795,-5.9494781494140625
Who have these turtles astounded without impressing Naomi?,Who have these turtles astounded Naomi without impressing?,-126.58583068847656,-124.96177673339844,-6.742720603942871,-6.355384349822998,-6.057346343994141,-5.593079566955566,-6.351082801818848,-6.100214004516602
Essays about Galileo weren't fun to disagree with.,Essays about Galileo weren't about to disagree with.,-95.09361267089844,-96.91061401367188,-6.167136907577515,-6.1768739223480225,-5.410628318786621,-5.384435653686523,-5.488474369049072,-5.13835608959198
Who had Kristen's tutor that didn't admire Nancy's students cared for?,Who had Nancy's students cared for Kristen's tutor that didn't admire?,-147.67486572265625,-150.9890899658203,-4.867413759231567,-4.804481387138367,-4.614230036735535,-4.476221203804016,-6.088321208953857,-6.171237945556641
Meredith had preferred there to be a box impressing Carol.,Meredith had begged there to be a box impressing Carol.,-126.8033447265625,-121.80091857910156,-6.413075685501099,-6.493517160415649,-6.016602039337158,-6.018739223480225,-5.547993421554565,-5.576370477676392
Ellen could hide away.,Ellen could see.,-77.71467590332031,-64.79402923583984,-6.422518491744995,-6.1224730014801025,-5.858793497085571,-5.387927770614624,-3.9373180866241455,-3.852629780769348
The Clintons toured that red high school.,The Clintons toured those red high school.,-97.25587463378906,-104.67962646484375,-5.886100769042969,-5.713218688964844,-5.0629496574401855,-5.054450035095215,-6.126788139343262,-5.972784042358398
The patient messes up these hospitals.,The patients messes up these hospitals.,-86.07382202148438,-88.82940673828125,-6.558627367019653,-6.600255250930786,-6.461262941360474,-6.276112794876099,-5.951080083847046,-5.978028059005737
A lot of mouths that were impressing a doctor had not ever flung open.,A lot of mouths that were not impressing a doctor had ever flung open.,-131.08367919921875,-131.4818115234375,-5.70072078704834,-5.559713363647461,-5.326181888580322,-5.167264461517334,-6.059156656265259,-6.179988622665405
Who will some cashiers and this girl break?,Who could some cashiers break and this girl?,-106.36154174804688,-103.39797973632812,-6.556304216384888,-6.257821321487427,-5.862177133560181,-5.498548746109009,-5.5044848918914795,-5.474325895309448
Eva got fired.,Eva gotten fired.,-67.62617492675781,-73.79651641845703,-6.24530553817749,-6.279820919036865,-5.97724175453186,-5.867242097854614,-5.49448299407959,-5.691349983215332
Tina reveals that this guy had researched this committee.,Tina reveals what this guy had researched this committee.,-110.65640258789062,-121.40675354003906,-6.2220375537872314,-5.794921159744263,-5.992473602294922,-5.624608039855957,-5.860139846801758,-5.6084394454956055
No girl was arriving at more than two libraries.,No girl was arriving at at least two libraries.,-87.99198913574219,-88.86494445800781,-6.137186527252197,-5.870321750640869,-5.574066400527954,-5.335150480270386,-5.896754026412964,-5.84705662727356
Carrie's nephews that are approaching this guy had not ever persuaded Peter's best friends to dislike Patricia.,Carrie's nephews that are not approaching this guy had ever persuaded Peter's best friends to dislike Patricia.,-196.6858673095703,-188.9383544921875,-5.938618898391724,-5.866186857223511,-5.703603982925415,-5.578265428543091,-6.595737457275391,-6.713690280914307
Matt isn't disturbing himself.,Matt isn't disturbing itself.,-71.91635131835938,-76.90911865234375,-5.713575601577759,-5.372822523117065,-5.1625518798828125,-4.953399658203125,-5.359192609786987,-5.453007817268372
George isn't remembering who many men complain about.,George isn't remembering that many men complain about.,-99.66136169433594,-102.12956237792969,-5.540276527404785,-5.498305797576904,-5.236011743545532,-5.167959451675415,-5.565098762512207,-5.70188045501709
Beverly's grandmothers ascend three slopes and that dancer's grandsons ascend almost as many lost slopes.,Beverly's grandmothers ascend three smooth slopes and that dancer's grandsons ascend almost as many lost.,-179.11285400390625,-185.19195556640625,-4.9825897216796875,-4.856991767883301,-4.538149952888489,-4.329095840454102,-6.47616982460022,-6.375266790390015
Kristen wasn't discovering two out in the open grandfathers and most nephews of Karla aren't discovering three.,Kristen wasn't discovering two grandfathers and most nephews of Karla aren't discovering three out in the open.,-201.430908203125,-197.98951721191406,-4.837860822677612,-4.755572557449341,-4.937359571456909,-4.988644361495972,-6.037195444107056,-6.1978442668914795
Karla could listen to herself.,Karla could listen to himself.,-73.69868469238281,-78.63652801513672,-5.847474575042725,-6.069980144500732,-5.5384228229522705,-5.7819740772247314,-4.455734848976135,-4.412475347518921
Derek isn't referencing himself.,Derek isn't referencing itself.,-73.11140441894531,-77.04793548583984,-4.538594007492065,-4.967764139175415,-4.917566776275635,-5.468001842498779,-4.975139617919922,-4.9637370109558105
Julie attacks five brothers and all customers' tutor attacks four upset brothers.,Julie attacks five ill brothers and all customers' tutor attacks four upset.,-154.5744171142578,-173.1381378173828,-4.886202335357666,-4.745697498321533,-5.34185266494751,-5.027344703674316,-6.066188097000122,-6.022740125656128
An adult can take at most four mountains.,No adult can take at most four mountains.,-80.13109588623047,-89.81236267089844,-5.061400413513184,-5.581266403198242,-4.70456337928772,-5.216522932052612,-5.080555200576782,-5.4773513078689575
A lot of teenagers noticed a few unemployed contractors and Andrea's dermatologist noticed a lot.,A lot of teenagers noticed a few contractors and Andrea's dermatologist noticed a lot unemployed.,-148.4257049560547,-148.9368133544922,-4.542534232139587,-4.625785827636719,-4.1502697467803955,-4.576192617416382,-6.113244295120239,-6.199932813644409
The Clintons' sisters joke around.,The Clintons' sisters bike to.,-83.1680679321289,-88.54417419433594,-6.385526180267334,-5.0928215980529785,-5.400242805480957,-4.040862083435059,-4.7267986536026,-4.552572727203369
There isn't a river disappearing.,There isn't each river disappearing.,-73.29035949707031,-85.33500671386719,-5.196970224380493,-4.929859399795532,-5.2049880027771,-5.194008827209473,-5.389017581939697,-5.3092697858810425
Who had this sister of Stephen that isn't finding Charles talked to?,Who had Charles talked to this sister of Stephen that isn't finding?,-129.9097900390625,-135.6414337158203,-4.648532867431641,-4.947206497192383,-4.665099859237671,-4.4272449016571045,-6.144876956939697,-6.322718620300293
Lawrence can astound which museum?,Which can Lawrence astound museum?,-97.860595703125,-93.61299133300781,-5.887810230255127,-5.363559722900391,-5.1256091594696045,-5.02996551990509,-6.190630674362183,-6.18232798576355
Gina didn't see herself.,Gina didn't see themselves.,-65.00812530517578,-70.40968322753906,-5.322908878326416,-5.2524733543396,-4.962260723114014,-4.920255184173584,-4.573767423629761,-4.423273324966431
Some dancers that were leaving Scott need to return to Gregory.,Some dancers that were leaving Scott needs to return to Gregory.,-122.81932067871094,-119.82534790039062,-7.448936223983765,-6.751501083374023,-6.727233648300171,-6.455556631088257,-5.986375570297241,-6.0153234004974365
Mark had observed what pedestrian?,What had Mark observed pedestrian?,-98.03646850585938,-91.83302307128906,-5.851178169250488,-5.970428466796875,-5.293483018875122,-5.414942502975464,-5.756507635116577,-6.04974102973938
Kathleen shouldn't see those restaurants that had worried the cashier.,Kathleen shouldn't see who those restaurants had worried the cashier.,-124.75804138183594,-132.22300720214844,-4.659123182296753,-4.438309907913208,-4.133815765380859,-4.197333335876465,-5.540473461151123,-5.396652698516846
Lori disgusted herself.,Lori disgusted itself.,-73.32469940185547,-76.80595397949219,-5.503981113433838,-5.650049209594727,-5.1791605949401855,-5.350074291229248,-5.863455295562744,-5.934750556945801
Helen is observed by the doctor.,Helen is observed by the candles.,-69.93080139160156,-77.73048400878906,-5.6792683601379395,-5.1324286460876465,-5.507518529891968,-4.933689475059509,-4.867297887802124,-4.74127733707428
Teresa likes Alan.,Teresa like Alan.,-71.44816589355469,-73.42752838134766,-5.930826425552368,-5.890664339065552,-5.896334648132324,-5.759947776794434,-5.231746196746826,-5.137059688568115
Mary had left.,Mary had referenced.,-56.13717269897461,-70.69328308105469,-6.553206205368042,-6.540529012680054,-5.724548101425171,-5.88982367515564,-4.697812080383301,-4.346175670623779
Marie isn't sure to entreat Steven to ascend the hills.,Marie isn't boring to entreat Steven to ascend the hills.,-115.54002380371094,-127.5260238647461,-5.914373874664307,-5.522003173828125,-5.548062562942505,-5.399462461471558,-5.517149209976196,-5.513896226882935
Some lake was passed by some cashiers.,Some lake was passed by some phenomena.,-82.77641296386719,-85.43162536621094,-4.846548795700073,-3.8144423961639404,-4.290176153182983,-3.4529292583465576,-5.6436543464660645,-5.6988701820373535
Mitchell criticized Amy.,Some art gallery criticized Amy.,-64.422119140625,-86.55465698242188,-5.343311309814453,-5.903687000274658,-4.655913829803467,-5.131776928901672,-4.80672562122345,-5.065823912620544
The worn skirts weren't important.,The wore skirts weren't important.,-86.27224731445312,-85.83279418945312,-5.1573944091796875,-5.224987983703613,-4.477268934249878,-4.622513055801392,-5.966823101043701,-5.9534382820129395
Ella was researching a few scared ex-boyfriends and Mary was researching several.,Ella was researching a few ex-boyfriends and Mary was researching several scared.,-136.15884399414062,-141.85391235351562,-5.1303791999816895,-4.376758098602295,-4.881366968154907,-4.561557054519653,-5.870751619338989,-5.925802946090698
Becky paints.,Becky conceals.,-64.45426940917969,-75.37590026855469,-7.46410608291626,-8.210604429244995,-6.370487451553345,-7.2025182247161865,-3.8432555198669434,-3.5611791610717773
Katherine wasn't thinking that schools hadn't loved her.,Katherine wasn't thinking that schools hadn't loved herself.,-100.67269897460938,-107.79460144042969,-5.558164834976196,-6.092559576034546,-5.267428278923035,-5.806947708129883,-5.68157434463501,-5.81181001663208
The hidden bicycles weren't exposed.,The hid bicycles weren't exposed.,-83.72651672363281,-95.40333557128906,-6.319026231765747,-6.06957221031189,-5.940282106399536,-6.001998662948608,-6.099853754043579,-6.28731632232666
Some child hasn't bored April.,Some child haven't bored April.,-79.39154052734375,-81.43693542480469,-6.535737991333008,-5.776736259460449,-6.715551137924194,-6.110868692398071,-5.926548719406128,-6.099240064620972
It's itself that every book hasn't disagreed with.,It's itself that hasn't disagreed with every book.,-103.77806091308594,-102.04513549804688,-4.985693454742432,-4.801614284515381,-4.841060400009155,-4.6230103969573975,-5.235736846923828,-5.1759514808654785
Catherine took some eggplants.,Catherine taken some eggplants.,-74.732421875,-86.503662109375,-5.903667688369751,-5.521583795547485,-5.9767420291900635,-5.442736864089966,-4.868764162063599,-4.90170419216156
A patient finds out that the actress that didn't kiss Veronica returns to Bruce.,A patient finds out who the actress that didn't kiss Veronica returns to Bruce.,-149.91798400878906,-154.31602478027344,-6.06221604347229,-5.97139573097229,-5.954148769378662,-5.979913711547852,-6.887924671173096,-6.232846736907959
Irene could have one bank and Martha's French teachers could have three rough bank.,Irene could have one red bank and Martha's French teachers could have three rough.,-161.03182983398438,-160.17518615722656,-5.475069761276245,-5.27015233039856,-4.7552809715271,-4.407195091247559,-5.984412908554077,-5.806345224380493
Can Randolf ever flee from Anna?,Randolf can ever flee from Anna.,-101.67657470703125,-99.50059509277344,-6.869662046432495,-6.1257593631744385,-6.692631244659424,-5.878150939941406,-5.7668678760528564,-6.063006162643433
Margaret is remembered by Stephen's associates.,Margaret is shrugged by Stephen's associates.,-101.86854553222656,-105.02970886230469,-5.685572385787964,-5.742180585861206,-5.480420351028442,-5.517188310623169,-5.984552621841431,-5.934717416763306
Brett is kissing which doctor?,Which is Brett kissing doctor?,-76.2792739868164,-87.61627197265625,-5.347466468811035,-4.69505512714386,-4.89031982421875,-4.266515254974365,-5.646227598190308,-5.831022500991821
There seemed to be a cafe disappearing.,There plans to be a cafe disappearing.,-87.88206481933594,-97.85118103027344,-5.653472661972046,-5.529897928237915,-5.297445058822632,-5.315851926803589,-5.390764117240906,-5.767069101333618
Nicole is cleaning those green couches.,Nicole is cleaning that green couches.,-90.52964782714844,-96.79579162597656,-5.873358964920044,-5.970934629440308,-5.452361583709717,-5.533592700958252,-5.289113759994507,-5.53112256526947
The Impressionists' grandfather took one exposed shawl and Jerry took several.,The Impressionists' grandfather took one shawl and Jerry took several exposed.,-151.12042236328125,-158.30941772460938,-4.548362493515015,-4.39825177192688,-4.208113670349121,-3.971363067626953,-5.947333335876465,-6.019782066345215
This dancer who hadn't known Aaron hadn't appreciated herself.,This dancer who hadn't known Aaron hadn't appreciated himself.,-118.94245910644531,-118.68121337890625,-6.186850547790527,-6.20537805557251,-5.893169403076172,-5.876811504364014,-6.176564693450928,-6.163534164428711
Cynthia's handymen hadn't judged it to be acceptable that some people see.,Cynthia's handymen should advise it to be acceptable that some people see.,-132.19598388671875,-133.3926239013672,-6.0479443073272705,-5.349718332290649,-5.65992283821106,-5.096975564956665,-5.221212148666382,-5.371957421302795
Deborah imagines herself confusing that association.,Deborah imagines herself confused that association.,-98.65426635742188,-100.01727294921875,-6.1633031368255615,-6.253403902053833,-5.521450757980347,-6.055338621139526,-6.081736087799072,-5.815248489379883
Only Marie's girlfriend who Alexander is working with ever lies.,Marie's girlfriend who only Alexander is working with ever lies.,-125.75228881835938,-117.06111145019531,-5.91662073135376,-5.7683491706848145,-5.735155344009399,-5.586251974105835,-6.454880952835083,-6.460616111755371
Who hadn't Julie's grandfather that approached some son of Robert cured?,Who hadn't some son of Robert cured Julie's grandfather that approached?,-151.65298461914062,-151.2004852294922,-5.547560691833496,-5.734561920166016,-4.481011986732483,-5.027915596961975,-6.241246461868286,-6.342247486114502
Guy thought about himself alarming Theodore.,Guy thought about himself alarmed Theodore.,-97.3101806640625,-103.85848999023438,-5.265834093093872,-5.436816453933716,-5.391692161560059,-5.350325107574463,-6.164226770401001,-6.107777833938599
There is a pepper falling.,There is each pepper falling.,-76.55271911621094,-90.50369262695312,-5.884274482727051,-5.759451389312744,-5.761192083358765,-5.41153883934021,-5.137688159942627,-5.162989020347595
Many students who don't listen to this lady don't irritate Carrie.,Many students who don't listen to this lady doesn't irritate Carrie.,-113.34518432617188,-116.64317321777344,-6.441205978393555,-6.60448694229126,-6.482579946517944,-6.655155420303345,-5.879283905029297,-5.869638919830322
This rug worries that child.,This rug worries those child.,-95.88572692871094,-104.98765563964844,-5.7796242237091064,-5.450293779373169,-5.594609022140503,-5.3123815059661865,-5.655686378479004,-5.727013111114502
The men weren't profiting.,The man weren't profiting.,-76.936767578125,-79.2100830078125,-5.732598066329956,-5.354607820510864,-5.1104536056518555,-5.0158257484436035,-5.361078977584839,-5.209814190864563
There was a niece of Gary hiding away.,There was each niece of Gary hiding away.,-111.03369140625,-118.0697021484375,-5.68528938293457,-5.630420684814453,-5.309268236160278,-5.105064153671265,-5.51433539390564,-5.568225622177124
Lissa has opened the window.,Lissa has appeared the window.,-69.27137756347656,-82.19912719726562,-6.447919845581055,-5.803338050842285,-5.759178638458252,-5.348451137542725,-5.309958219528198,-4.9536052942276
The forgotten movies were important.,The forgot movies were important.,-79.58749389648438,-85.7548828125,-5.391273498535156,-5.3308868408203125,-5.420170068740845,-5.369765996932983,-5.71857750415802,-5.769372224807739
A lot of guys' piano teacher notices one young best friend and Galileo's boyfriend notices three.,A lot of guys' piano teacher notices one best friend and Galileo's boyfriend notices three young.,-175.48138427734375,-179.14385986328125,-4.735652923583984,-4.030927658081055,-4.645716905593872,-4.148828744888306,-7.3111395835876465,-7.0684144496917725
Those women are described by the children.,Those women are described by the report.,-72.55830383300781,-74.45271301269531,-5.018266201019287,-5.567647457122803,-4.610219955444336,-5.057905197143555,-5.407866477966309,-4.877194404602051
Valerie figured out who a lot of dancers that are flirting reveal.,Valerie figured out that a lot of dancers that are flirting reveal.,-134.6512908935547,-122.48893737792969,-5.584890604019165,-5.685828447341919,-5.380421161651611,-5.188743591308594,-6.222722291946411,-6.401557207107544
Julia kisses that person.,Julia kisses those person.,-72.8150863647461,-81.94578552246094,-5.950890779495239,-5.580151796340942,-5.437551498413086,-5.116939067840576,-5.257250070571899,-5.481106519699097
That dress would not ever stretch.,That dress would probably ever stretch.,-86.09339904785156,-89.84017944335938,-5.791143417358398,-5.768643379211426,-5.433880805969238,-5.4501729011535645,-5.27966582775116,-5.24875020980835
That actress's granddaughter was certain to confuse Alan.,That actress's granddaughter was hard to confuse Alan.,-113.98117065429688,-112.34597778320312,-6.569969892501831,-6.220142126083374,-6.044163465499878,-5.801300287246704,-6.096452951431274,-6.062233209609985
There had seemed to be a lot of jackets shrinking.,There had intended to be a lot of jackets shrinking.,-99.56840515136719,-117.59579467773438,-6.0747387409210205,-5.98447060585022,-5.840804576873779,-5.915369033813477,-6.130220890045166,-6.186187267303467
No museum was describing more than five ladies.,No museum was describing at least five ladies.,-98.74629211425781,-98.89804077148438,-5.853662967681885,-6.21873140335083,-5.11623215675354,-5.3520567417144775,-5.965930700302124,-5.6878821849823
Many vases hadn't distracted these doctors.,Many vases hadn't distracted this doctors.,-100.96755981445312,-105.00079345703125,-5.534849405288696,-5.786621809005737,-5.228714466094971,-5.460695743560791,-6.225781679153442,-6.324085474014282
The broken foot isn't cheap.,The broke foot isn't cheap.,-83.22499084472656,-88.652099609375,-5.253035068511963,-4.607527256011963,-5.392308712005615,-4.3868536949157715,-6.132239103317261,-5.9104931354522705
Who has Colleen aggravated before kissing Judy?,Who has Colleen aggravated Judy before kissing?,-122.850830078125,-125.76295471191406,-5.656388521194458,-6.211158514022827,-4.826328754425049,-5.493555068969727,-6.584974050521851,-6.3696448802948
Aaron clearly wishes to telephone.,Aaron ever wishes to telephone.,-85.66836547851562,-86.19075012207031,-6.351430654525757,-6.232100486755371,-5.668625354766846,-5.40320348739624,-4.675840497016907,-5.070141434669495
The broken mirrors are purple.,The broke mirrors are purple.,-76.5938720703125,-78.32228088378906,-5.714154958724976,-5.262352228164673,-5.514013767242432,-5.151540756225586,-5.711181402206421,-5.53737998008728
Heidi is approaching Timothy.,Heidi were approaching Timothy.,-70.15617370605469,-83.23670959472656,-6.157496452331543,-6.511195182800293,-5.598514080047607,-5.678350448608398,-5.280210494995117,-5.183089256286621
Would Benjamin ever prompt Carrie to upset Suzanne?,Benjamin would ever prompt Carrie to upset Suzanne.,-113.96981811523438,-130.63282775878906,-6.125729560852051,-5.718821048736572,-6.26421332359314,-5.705533862113953,-5.907925367355347,-6.525221586227417
Bruce might care for himself.,Bruce might care for themselves.,-67.37811279296875,-74.10478210449219,-5.646189212799072,-5.548357963562012,-5.327983140945435,-5.250194787979126,-5.8297529220581055,-5.79513692855835
Vincent has forgotten the boy that will criticize Carl.,Vincent has forgotten who the boy will criticize Carl.,-115.26138305664062,-119.06965637207031,-6.10269832611084,-6.275266647338867,-5.657333612442017,-5.943751096725464,-5.33584189414978,-5.397935152053833
Tamara complains about those drivers.,Every carriage complains about those drivers.,-81.04301452636719,-92.16355895996094,-5.327313542366028,-5.5467848777771,-4.916302680969238,-4.931969165802002,-4.9468419551849365,-5.2054842710494995
Heather leaves a few children and Sandra leaves a lot out in the open children.,Heather leaves a few content children and Sandra leaves a lot out in the open.,-144.01377868652344,-147.77301025390625,-4.44585919380188,-4.484097719192505,-3.8195072412490845,-4.013246178627014,-5.054780721664429,-5.215745210647583
Stacy hasn't researched every restaurant.,Some box hasn't researched every restaurant.,-88.51718139648438,-93.36474609375,-4.878912448883057,-4.868691325187683,-4.829483270645142,-4.6495503187179565,-4.8863115310668945,-4.900381565093994
Every patient had boycotted at most three malls.,No patient had boycotted at most three malls.,-111.21183776855469,-101.26158142089844,-4.958465099334717,-5.087450981140137,-4.719503879547119,-4.837440490722656,-6.0268330574035645,-6.037156581878662
Randolf would realize that committees wouldn't discuss Sally.,Randolf would realize who committees wouldn't discuss Sally.,-124.9075927734375,-132.83177185058594,-6.255538702011108,-6.012091875076294,-5.8877716064453125,-5.847817897796631,-5.282253623008728,-5.359387636184692
Claire wasn't concealed by some actor.,Claire wasn't concealed by some slopes.,-100.51728820800781,-101.93180847167969,-5.261155128479004,-4.966371059417725,-4.7857972383499146,-4.564267635345459,-5.436427354812622,-5.819120168685913
Alicia was saying that she did scare Larry.,Alicia was saying that herself did scare Larry.,-104.99931335449219,-117.61274719238281,-5.459604740142822,-5.521135330200195,-4.878042697906494,-5.34949254989624,-5.756817579269409,-5.530750513076782
The gates haven't bothered these exposed waiters.,The gates haven't bothered this exposed waiters.,-116.36703491210938,-122.37632751464844,-6.240881443023682,-6.303685665130615,-5.25339412689209,-5.279322624206543,-5.735913276672363,-5.721498966217041
Many dancers disagree with these displeased dancers.,Many dancers disagree with this displeased dancers.,-93.40571594238281,-93.92044067382812,-6.049375534057617,-5.797381401062012,-5.6993772983551025,-5.471060037612915,-5.904011964797974,-6.2756946086883545
Clyde has often cured Janice.,Clyde has ever cured Janice.,-90.13772583007812,-93.04971313476562,-6.067039966583252,-5.664153099060059,-5.850200653076172,-5.319803714752197,-5.304598093032837,-5.453780889511108
Who can Gary and Brad leave?,Who might Gary leave and Brad?,-82.3115234375,-94.16928100585938,-6.1639244556427,-5.882398366928101,-5.587713718414307,-5.282510757446289,-5.367161989212036,-5.167125940322876
That dog found four screens and Michael found five lost screens.,That dog found four yellow screens and Michael found five lost.,-118.65434265136719,-126.53639221191406,-5.149540662765503,-4.19232439994812,-5.188057899475098,-4.323850631713867,-6.040881395339966,-5.727808713912964
Every child has studied.,Every child have studied.,-69.47732543945312,-77.12205505371094,-6.170878171920776,-5.453627824783325,-6.045961618423462,-5.444966077804565,-4.7623032331466675,-4.797085762023926
Brett hid away.,Brett hidden away.,-68.99484252929688,-73.93934631347656,-6.433226108551025,-6.251744747161865,-6.19147253036499,-6.023015022277832,-4.918235898017883,-5.141259431838989
Carl wasn't disliked by the pedestrian.,Carl wasn't disliked by the convertible.,-87.22894287109375,-82.29934692382812,-5.660823822021484,-5.8084564208984375,-5.182568073272705,-5.1373443603515625,-4.669241428375244,-4.5808281898498535
Holly clearly declares Florence to escape.,Holly ever declares Florence to escape.,-101.57502746582031,-105.94500732421875,-5.668903827667236,-5.279464244842529,-5.251143932342529,-5.028654098510742,-5.792071223258972,-5.844634771347046
That friend of Karen hadn't predicted there to be a college campus irritating Donald.,That friend of Karen hadn't motivated there to be a college campus irritating Donald.,-167.91384887695312,-169.1800079345703,-6.2819130420684814,-6.007692575454712,-5.884861946105957,-5.782376289367676,-6.745317697525024,-6.92332124710083
There are no stories confusing Patricia.,There are most stories confusing Patricia.,-90.58755493164062,-97.45478820800781,-5.100529193878174,-4.317409992218018,-4.399873852729797,-4.150708079338074,-5.774900913238525,-5.6504292488098145
Those muffins resemble one print and some reports resemble three big print.,Those muffins resemble one smooth print and some reports resemble three big.,-131.21923828125,-140.37611389160156,-4.99127984046936,-4.462200880050659,-5.03252911567688,-4.624196290969849,-7.209263324737549,-7.499023914337158
A lot of waiters' best friend watches.,A lot of waiters' best friend references.,-83.885986328125,-86.76132202148438,-4.757004261016846,-5.113339900970459,-4.006484508514404,-3.974369168281555,-5.862557411193848,-5.829089164733887
An actress who hasn't discussed a lot of cashiers was concealing herself.,An actress who hasn't discussed a lot of cashiers was concealing themselves.,-130.9238739013672,-133.62142944335938,-5.673411130905151,-6.1325294971466064,-5.67725396156311,-6.222943067550659,-7.402723789215088,-7.379257917404175
Nieces of all men have hugged.,Nieces of all men have dropped by.,-84.78543090820312,-87.65138244628906,-5.663679122924805,-5.895251274108887,-5.224726915359497,-5.464154481887817,-5.063780784606934,-4.8994903564453125
Kayla isn't worrying a lot of customers.,Kayla isn't cooking a lot of customers.,-88.004150390625,-85.81564331054688,-5.569594383239746,-5.173267364501953,-5.300151348114014,-4.9806976318359375,-5.402621746063232,-5.187544345855713
Those syntheses alarm Naomi.,Those syntheses alarms Naomi.,-87.21763610839844,-88.71415710449219,-6.412354946136475,-6.4422478675842285,-6.515563249588013,-6.10009503364563,-5.954697132110596,-5.977579593658447
Jeffrey was saying that he worried Kirsten.,Jeffrey was saying that himself worried Kirsten.,-96.00285339355469,-105.22836303710938,-5.680227756500244,-5.440187931060791,-5.42950701713562,-5.496902227401733,-5.689337968826294,-5.589468717575073
Those students knew Rachel.,Those students known Rachel.,-74.64419555664062,-78.50286865234375,-5.782499313354492,-5.699976444244385,-5.490368127822876,-5.528771638870239,-5.583247184753418,-5.460794925689697
A teacher that shouldn't hurt ladies concurs.,A teacher that shouldn't hurt ladies concur.,-105.62054443359375,-107.49800109863281,-4.959967136383057,-5.385233402252197,-4.19998025894165,-4.734668731689453,-5.272421836853027,-5.227263450622559
There wasn't a company chatting.,There wasn't each company chatting.,-79.30134582519531,-90.9844970703125,-5.268216609954834,-5.240220069885254,-5.1674644947052,-4.8803770542144775,-5.473400354385376,-5.301096677780151
April thought about these bases.,April thought about these basis.,-77.38983154296875,-84.1866683959961,-5.9376444816589355,-6.007224082946777,-5.21802544593811,-5.111916780471802,-4.900265216827393,-4.889109134674072
Mothers of Teresa toured three important cafes and the adult toured at least as many.,Mothers of Teresa toured three cafes and the adult toured at least as many important.,-156.26695251464844,-157.11685180664062,-4.0438374280929565,-4.941315174102783,-3.807830333709717,-4.665472030639648,-6.090059518814087,-6.237464666366577
David's boyfriend wasn't touring three out in the open banks and Randolf wasn't touring fewer.,David's boyfriend wasn't touring three banks and Randolf wasn't touring fewer out in the open.,-186.8847198486328,-179.8677520751953,-4.947362422943115,-4.499176502227783,-4.935238599777222,-4.510786294937134,-6.552265644073486,-6.460614442825317
Judy is boasted about by the person.,Judy is boasted about by the carriage.,-90.95645141601562,-94.18403625488281,-5.700020790100098,-5.689897537231445,-5.1714348793029785,-5.252541542053223,-5.537293791770935,-5.962258815765381
Deborah's tutors anticipate there to be a box stunning Jennifer.,Deborah's tutors obliged there to be a box stunning Jennifer.,-130.04576110839844,-141.3964385986328,-6.856826305389404,-6.61660099029541,-6.564643383026123,-6.397904872894287,-5.959479808807373,-5.907334327697754
Some fathers of this cashier aggravates one employed classmate and Matt's brothers aggravates three.,Some fathers of this cashier aggravates one classmate and Matt's brothers aggravates three employed.,-188.6064453125,-188.90090942382812,-4.580825090408325,-4.36749541759491,-4.516832709312439,-4.531369686126709,-6.725588321685791,-6.78611946105957
A waiter wasn't listened to by some guys.,A waiter wasn't listened to by some glass.,-88.94253540039062,-95.56697082519531,-4.944308042526245,-5.509095907211304,-4.354754686355591,-4.831314325332642,-5.81017804145813,-5.885071039199829
Who are all women's discussing Elizabeth astounding.,Who are all women's discussing astounding Elizabeth.,-113.19932556152344,-111.67379760742188,-4.473848342895508,-4.519834041595459,-3.3987224102020264,-3.5344115495681763,-5.967409372329712,-6.352488279342651
Most shoes weren't messed up by the guests.,Most shoes weren't messed up by the pictures.,-88.0380859375,-91.36614990234375,-5.886524438858032,-5.798516511917114,-5.687804222106934,-5.593214511871338,-5.777433395385742,-5.513558864593506
There happened to be a banana looking like these pictures.,There continues to be a banana looking like these pictures.,-103.9783935546875,-99.65101623535156,-5.291481256484985,-5.425284147262573,-4.99593186378479,-4.995828866958618,-5.502506494522095,-5.662654638290405
Brad isn't listening to several grandmothers and Colleen isn't listening to a few upset grandmothers.,Brad isn't listening to several employed grandmothers and Colleen isn't listening to a few upset.,-137.51388549804688,-150.46890258789062,-5.711030721664429,-5.6285388469696045,-5.575756788253784,-5.070895791053772,-5.339443564414978,-5.303748846054077
Only Christina ever wished to talk to Dennis.,Even Christina ever wished to talk to Dennis.,-103.63313293457031,-103.86398315429688,-6.504428386688232,-6.432617664337158,-5.854390859603882,-5.9422338008880615,-5.06024694442749,-5.214462757110596
Stacy won't heal herself.,Stacy won't heal himself.,-82.52410888671875,-84.10664367675781,-5.400161266326904,-5.576674938201904,-5.114386796951294,-5.307429552078247,-5.568683862686157,-5.545729398727417
Curtis had talked about one mentor and David's hairdressers had talked about a lot busy mentor.,Curtis had talked about one unconvinced mentor and David's hairdressers had talked about a lot busy.,-164.2452850341797,-172.00973510742188,-5.506007671356201,-5.054113388061523,-5.346136093139648,-4.882894992828369,-6.444254636764526,-6.360034704208374
Those children went to that movie theater.,Those children gone to that movie theater.,-74.02413940429688,-81.84477233886719,-6.052730321884155,-5.4244420528411865,-6.101177930831909,-5.658541917800903,-5.218914747238159,-5.481312036514282
Even Valerie would often dare that synopsis to embarrass the Impressionists.,Even Valerie would ever dare that synopsis to embarrass the Impressionists.,-147.51214599609375,-148.8748016357422,-6.957804203033447,-6.8443193435668945,-6.598391771316528,-6.527992010116577,-5.782620668411255,-5.5899598598480225
Who do many actresses and all rivers resemble?,Who would many actresses resemble and all rivers?,-107.21299743652344,-107.70864868164062,-4.863745927810669,-5.154520273208618,-4.8047871589660645,-4.98556661605835,-6.02785849571228,-6.109465837478638
There were some eyes flinging open.,There were all eyes flinging open.,-88.20367431640625,-96.56649780273438,-5.135464906692505,-5.365951299667358,-5.055460214614868,-5.194815397262573,-4.918893337249756,-4.995408058166504
Most girls passed those smooth high schools.,Most girls passed those smooth high school.,-91.31546020507812,-90.70806884765625,-5.827008008956909,-5.967753171920776,-5.5146260261535645,-5.608713626861572,-5.781118631362915,-5.914595365524292
That slope isn't descended by the teenager.,That slope isn't descended by the birds.,-96.49351501464844,-94.36660766601562,-5.500431776046753,-5.414883375167847,-5.526460647583008,-5.487210750579834,-4.99235737323761,-5.110083818435669
Who don't grandfathers of Gary that have disgusted Robert's supervisors impress?,Who don't Robert's supervisors impress grandfathers of Gary that have disgusted?,-161.21929931640625,-160.7532501220703,-4.757019877433777,-4.878730535507202,-4.5670483112335205,-4.559808969497681,-6.826364517211914,-6.940250873565674
The hidden slopes are important.,The hid slopes are important.,-69.47406005859375,-83.74955749511719,-6.390091180801392,-5.961897611618042,-6.653287887573242,-6.318946361541748,-5.8560216426849365,-6.13543963432312
A lot of waiters had not ever conferred.,A lot of waiters had probably ever conferred.,-94.41322326660156,-97.24929809570312,-5.546506881713867,-4.464427947998047,-5.082048416137695,-4.3234100341796875,-5.403523683547974,-5.32707953453064
Some women remember that some patient that escapes toured malls.,Some women remember what some patient that escapes toured malls.,-124.25038146972656,-138.55628967285156,-5.852233171463013,-5.4945032596588135,-5.327132940292358,-4.988898515701294,-6.617767333984375,-6.71106481552124
Russell thinks about those hypotheses.,Russell thinks about those hypothesis.,-75.89915466308594,-79.03996276855469,-5.682406425476074,-5.938632488250732,-5.614858388900757,-5.71805214881897,-4.051791310310364,-4.2012224197387695
The alumni forget the Lutherans.,The alumnus forget the Lutherans.,-96.8619384765625,-104.46516418457031,-4.856243252754211,-5.720808982849121,-4.59419322013855,-5.289935350418091,-5.229531764984131,-5.707988739013672
Brenda researches those bases.,Brenda researches those basis.,-83.33698272705078,-87.78187561035156,-5.37652325630188,-5.599167585372925,-5.369001865386963,-5.526437759399414,-4.450383424758911,-4.457308530807495
Jacqueline doesn't say that this commentary disturbs her.,Jacqueline doesn't say that this commentary disturbs herself.,-108.14871215820312,-115.25637817382812,-6.078162908554077,-6.268591642379761,-5.81959342956543,-5.951634407043457,-5.184165000915527,-5.094052314758301
What would Diana and Barbara irritate?,What should Diana irritate and Barbara?,-91.48072814941406,-99.31649780273438,-6.479161977767944,-6.269879102706909,-6.016674995422363,-5.857086181640625,-5.325176000595093,-5.553603887557983
Jerry wasn't fixing that gray cup.,Jerry wasn't fixing those gray cup.,-96.05926513671875,-106.60789489746094,-6.368341684341431,-5.505980730056763,-5.444720506668091,-4.526398420333862,-5.153849840164185,-5.333921194076538
Some father of Monica that will watch Deanna has not ever yearned to clean the art gallery.,Some father of Monica that will not watch Deanna has ever yearned to clean the art gallery.,-180.53289794921875,-174.3751220703125,-6.192591667175293,-5.926031589508057,-5.772547483444214,-5.58967661857605,-6.1955554485321045,-6.109083890914917
Many teenagers forgot that waiter that Andrew admires that has resembled those sketches.,Many teenagers forgot what that waiter that Andrew admires has resembled those sketches.,-168.1034698486328,-171.21548461914062,-5.613866329193115,-6.223323345184326,-5.636589765548706,-6.106614351272583,-6.168116807937622,-6.361302137374878
Melissa observes that bad child.,Melissa observes those bad child.,-82.78912353515625,-95.12309265136719,-6.582224130630493,-5.949727296829224,-5.582408905029297,-5.400264263153076,-5.259649038314819,-5.322831749916077
Tonya's sons who were observing Stephanie can not ever talk about Carla.,Tonya's sons who were not observing Stephanie can ever talk about Carla.,-149.71728515625,-151.6545867919922,-5.725379228591919,-5.772594690322876,-5.408478736877441,-5.6020307540893555,-6.123535394668579,-6.114548444747925
Even Patricia could really prove to skate around the Great Lakes.,Even Patricia could ever prove to skate around the Great Lakes.,-131.71694946289062,-134.9204864501953,-6.414308309555054,-6.433295011520386,-6.056365251541138,-6.1940600872039795,-5.181233882904053,-4.919407367706299
Bethany cares for Alicia.,Bethany care for Alicia.,-74.29916381835938,-76.0953369140625,-6.374731063842773,-6.3513569831848145,-5.831847190856934,-5.997951030731201,-5.789984941482544,-6.008787393569946
Some cashiers wrote.,Some cashiers written.,-64.54351806640625,-68.46652221679688,-5.17441725730896,-6.130566835403442,-4.576497793197632,-5.376251459121704,-5.5834269523620605,-5.852752089500427
Derek didn't imagine that Heidi is attacking him.,Derek didn't imagine that Heidi is attacking himself.,-86.98553466796875,-95.50065612792969,-5.890113592147827,-6.215229749679565,-5.112300872802734,-5.490915775299072,-5.911749839782715,-5.954129695892334
Many nephews of Carmen ascertain it to be good that most students had assembled.,Many nephews of Carmen have commissioned it to be good that most students had assembled.,-155.4340057373047,-162.43174743652344,-5.643253803253174,-5.582655429840088,-5.266432523727417,-5.316086530685425,-5.87723708152771,-5.997424840927124
Every school is there lying.,There is every school lying.,-85.4382553100586,-85.99760437011719,-5.776390314102173,-5.6738622188568115,-5.165846109390259,-5.145734548568726,-5.145585536956787,-5.097828388214111
Amy sang.,Amy sung.,-62.47477340698242,-62.73679733276367,-6.276308059692383,-5.935197830200195,-5.614047050476074,-5.3916239738464355,-5.4075517654418945,-5.164921283721924
Teresa isn't noticing herself.,Teresa isn't noticing itself.,-76.61872863769531,-80.552734375,-6.027400016784668,-5.722348213195801,-5.528569221496582,-5.407320022583008,-5.451216697692871,-5.282196044921875
Omar's ex-girlfriend isn't hired.,Omar's ex-girlfriend isn't littered.,-76.24388885498047,-78.18223571777344,-5.96316123008728,-5.751965284347534,-5.1485865116119385,-4.910113096237183,-5.1269659996032715,-5.2293524742126465
The broken bicycles are cheap.,The broke bicycles are cheap.,-75.48896026611328,-79.0167007446289,-5.416030764579773,-4.825366497039795,-5.595698356628418,-4.902551174163818,-5.735015153884888,-5.528673887252808
Robert has worried himself.,Robert has worried themselves.,-68.697265625,-73.71580505371094,-5.394515752792358,-5.483500719070435,-5.098737955093384,-5.098806142807007,-5.921505451202393,-5.883942604064941
The forgotten pamphlets are big.,The forgot pamphlets are big.,-84.64247131347656,-87.65971374511719,-5.293211460113525,-5.2298126220703125,-5.205312728881836,-5.218605995178223,-4.57533323764801,-4.572168231010437
Only those mushrooms that some child has found ever go bad.,Those mushrooms that only some child has found ever go bad.,-116.41387939453125,-112.83134460449219,-6.06595253944397,-5.520392656326294,-5.96261739730835,-5.447630882263184,-6.330289125442505,-6.266104459762573
Every commentary bothers these purple schools.,Every commentary bothers this purple schools.,-111.89494323730469,-112.38296508789062,-4.730095624923706,-5.473375082015991,-4.830037951469421,-4.777428150177002,-5.517703056335449,-5.800042629241943
Every lady drops by these oases.,Every lady drops by this oases.,-95.25971984863281,-99.99687194824219,-5.56438684463501,-5.884222984313965,-5.329621315002441,-5.737640857696533,-4.93105411529541,-5.134087443351746
A guest exited at most six museums.,No guest exited at most six museums.,-97.19891357421875,-94.00700378417969,-4.690172433853149,-5.3880698680877686,-4.858434200286865,-5.289475440979004,-6.105956792831421,-6.181368589401245
What hats might Monica bring and Sonia admire?,What might Monica bring hats and Sonia admire?,-122.44502258300781,-119.38638305664062,-5.649979114532471,-5.3343987464904785,-5.303527593612671,-4.900855779647827,-6.197560787200928,-6.073482036590576
Christopher hasn't distracted himself.,Christopher hasn't distracted herself.,-68.42408752441406,-72.6498031616211,-5.941458702087402,-5.560698509216309,-5.401105880737305,-5.302272319793701,-5.320540904998779,-5.225644588470459
Which girls is the dress irritating and the Lutherans revealing?,Which is the dress irritating girls and the Lutherans revealing?,-127.294677734375,-127.88261413574219,-5.128201246261597,-4.912677049636841,-4.757775783538818,-4.433469295501709,-5.226983547210693,-5.183197021484375
No person is discussing fewer than ten patients.,No person is discussing at most ten patients.,-90.03096008300781,-88.68989562988281,-4.578684091567993,-5.200742959976196,-4.468238353729248,-5.005390167236328,-5.952041149139404,-6.13723087310791
All boys fire this woman.,All boys fire these woman.,-79.46893310546875,-86.88417053222656,-5.993211030960083,-4.911770582199097,-5.508202314376831,-4.734300851821899,-5.084927082061768,-5.264667987823486
These women see these concealed libraries.,These women see this concealed libraries.,-92.59629821777344,-101.81925964355469,-5.780009031295776,-5.705496072769165,-5.466932773590088,-5.522177696228027,-5.656320810317993,-5.675074338912964
Most men irritates two happy students and a snake irritates three.,Most men irritates two students and a snake irritates three happy.,-127.75271606445312,-132.29556274414062,-4.513796329498291,-5.1612324714660645,-4.469772815704346,-5.159309387207031,-7.093048095703125,-6.977700233459473
April isn't going to a closet.,The ice cream isn't going to a closet.,-76.68881225585938,-83.14663696289062,-5.126101732254028,-4.8439085483551025,-4.519655346870422,-4.469021201133728,-4.8451855182647705,-4.808696985244751
Only the Clintons ever cry.,Even the Clintons ever cry.,-76.85926818847656,-76.59617614746094,-5.945873260498047,-6.068336486816406,-5.677053451538086,-5.825183391571045,-5.667291879653931,-5.668922662734985
A report about current events hasn't bored Heidi.,A report about current events haven't bored Heidi.,-102.33918762207031,-107.41508483886719,-5.900273561477661,-4.433673977851868,-5.50181245803833,-4.09826123714447,-5.349747180938721,-5.157625794410706
Charles wrote.,Charles written.,-55.359588623046875,-62.20426559448242,-6.07452917098999,-5.65659236907959,-5.737001180648804,-5.725776433944702,-4.987822771072388,-5.130802392959595
There were some newspaper articles about Galileo disappearing.,There were all newspaper articles about Galileo disappearing.,-99.53427124023438,-110.69999694824219,-5.098021507263184,-5.511099338531494,-5.0838916301727295,-5.601032972335815,-5.317864894866943,-5.2055559158325195
Brenda was difficult to work with.,Brenda was unlikely to work with.,-64.70957946777344,-79.68775939941406,-6.180598020553589,-6.437195062637329,-5.5687150955200195,-5.800126075744629,-4.989605188369751,-4.94963276386261
What doesn't Catherine know she would like?,What doesn't Catherine know who would like?,-85.60429382324219,-91.58151245117188,-5.9120564460754395,-6.391785144805908,-5.397782325744629,-5.984103679656982,-5.519633054733276,-5.482895135879517
Judy is easy to work with.,Judy is certain to work with.,-66.97621154785156,-77.38674926757812,-6.620847702026367,-6.13968563079834,-5.788632392883301,-5.507423400878906,-4.4673333168029785,-4.526019096374512
Mark wasn't praising one senator and Paul's nephew wasn't praising more nice senator.,Mark wasn't praising one old senator and Paul's nephew wasn't praising more nice.,-162.38844299316406,-168.7014923095703,-4.820158839225769,-5.352015018463135,-4.445613861083984,-4.95267391204834,-6.417661428451538,-6.40873646736145
Has Donald ever yearned to embarrass Tonya?,Donald has ever yearned to embarrass Tonya.,-119.09465026855469,-104.12400817871094,-6.194900035858154,-5.62782096862793,-6.309981822967529,-5.293798565864563,-5.7503721714019775,-6.1301586627960205
The broken skateboards weren't smooth.,The broke skateboards weren't smooth.,-89.06460571289062,-85.68026733398438,-5.900099754333496,-5.248144149780273,-6.046821355819702,-5.182905435562134,-5.9213221073150635,-6.167580842971802
Liam should shock Joseph's supervisors.,Liam should shrug Joseph's supervisors.,-98.76985168457031,-102.06690979003906,-5.644228219985962,-6.263479948043823,-4.68669056892395,-5.517036199569702,-5.478815317153931,-5.528028726577759
A lot of customers were aggravated by a lot of ladders.,A lot of customers were screamed by a lot of ladders.,-82.14529418945312,-90.43167114257812,-5.460814952850342,-5.020988464355469,-5.366464614868164,-4.923945903778076,-6.557086706161499,-6.588202714920044
That guest praised at least five stories.,No guest praised at least five stories.,-99.58865356445312,-89.47491455078125,-4.970373868942261,-5.693748235702515,-5.306880950927734,-5.539569854736328,-6.165693759918213,-6.018393039703369
Julia hasn't remembered one determined son and Tammy's boyfriend hasn't remembered several.,Julia hasn't remembered one son and Tammy's boyfriend hasn't remembered several determined.,-146.1669158935547,-144.335693359375,-5.708199501037598,-5.642096519470215,-5.315699100494385,-5.095477104187012,-5.770739555358887,-6.225212097167969
Some customer has realized who this child that yawns liked.,Some customer has realized that this child that yawns liked.,-129.4740447998047,-121.75703430175781,-5.745199680328369,-6.257838249206543,-5.795812368392944,-5.82287859916687,-5.947239875793457,-6.179726600646973
Aaron remembered himself.,Aaron remembered herself.,-70.56620025634766,-75.804931640625,-5.898104429244995,-5.784548997879028,-5.333882093429565,-5.383263349533081,-4.720709800720215,-4.6392742395401
These guests explain that Timothy approached them.,These guests explain that Timothy approached themselves.,-102.613037109375,-112.15573120117188,-4.836656332015991,-6.200119256973267,-4.628695011138916,-6.281705856323242,-6.651187419891357,-6.5645976066589355
Some lady passed one public park and that senator passed some yellow public park.,Some lady passed one good public park and that senator passed some yellow.,-138.48988342285156,-154.4526824951172,-5.009167194366455,-4.512793064117432,-4.769901990890503,-4.363739728927612,-6.490972995758057,-6.236324787139893
Barbara helps that teacher.,A glacier helps that teacher.,-77.6336441040039,-83.934326171875,-5.66666841506958,-6.050479173660278,-5.120862722396851,-5.393540143966675,-5.6383116245269775,-5.331675291061401
Some person's tutor arrived at every library.,Some person's tutor nodded every library.,-97.7142333984375,-109.91236877441406,-5.003421306610107,-4.908259391784668,-4.921889781951904,-4.605087757110596,-5.082372426986694,-5.0094897747039795
Colleen wasn't concealing herself.,Colleen wasn't concealing itself.,-86.45126342773438,-93.475341796875,-5.106067895889282,-5.375253438949585,-4.754990577697754,-5.026623725891113,-5.285753965377808,-5.470288038253784
All ellipses weren't worrying all teachers.,All ellipses wasn't worrying all teachers.,-96.76960754394531,-100.22102355957031,-6.447409391403198,-5.8000571727752686,-5.979409694671631,-5.264941692352295,-5.875856399536133,-5.5866618156433105
Those waiters might pass whose hills?,Whose might those waiters pass hills?,-93.53630065917969,-98.61651611328125,-5.5117127895355225,-4.906254053115845,-4.98640775680542,-4.593176484107971,-6.103314161300659,-6.140380144119263
Karen forgets about herself bringing a print.,Karen forgets about herself brought a print.,-95.0904541015625,-97.16754150390625,-5.987304210662842,-5.9763665199279785,-6.016693830490112,-6.087055444717407,-5.65414023399353,-5.441477537155151
Paul finds out that some synopsis that has explained everything criticizes Carol.,Paul finds out who some synopsis that has explained everything criticizes Carol.,-141.29136657714844,-155.75701904296875,-5.916744232177734,-5.836729049682617,-5.556027173995972,-5.574305295944214,-6.747624158859253,-6.568779468536377
Some teenager has needed there to be a fork slipping.,Some teenager has urged there to be a fork slipping.,-117.14323425292969,-120.76364135742188,-5.9822587966918945,-5.9244513511657715,-5.6693644523620605,-5.588608741760254,-5.869755029678345,-6.113052606582642
Martin's employees have discussed a few cashiers and every doctor hasn't discussed a lot clever cashiers.,Martin's employees have discussed a few important cashiers and every doctor hasn't discussed a lot clever.,-146.87242126464844,-149.19309997558594,-4.749097108840942,-4.800272107124329,-4.731382369995117,-4.618404984474182,-6.594728469848633,-6.470444679260254
Carl investigated an alumnus that escaped from Chad.,Carl investigated who an alumnus escaped from Chad.,-107.33769226074219,-127.31932067871094,-5.3358070850372314,-5.749119997024536,-4.985759258270264,-5.499943256378174,-5.7687036991119385,-5.656918287277222
